movie_poster,movie_title,movie_date,movie_audience,movie_genre,movie_story,movie_review,movie_director,movie_actor,movie_cine,movie_netizens
"http://image.cine21.com/resize/cine21/poster/2020/0525/11_14_14__5ecb29f6bb44f[X230,330].jpg",킬러의 보디가드 무삭제 특별판,개봉일 : 2020-05-20,"누적관객 : 14,002명","코미디, 액션","
					
									세상 제일 잘난 맛에 사는 섭외 1순위 앵그리 보디가드가,
지명수배 1순위 구강 액션 지존 킬러를 보호하게 되면서 벌어지는,
,				",,패트릭 휴즈,"라이언 레이놀즈,사무엘 L. 잭슨,셀마 헤이엑,게리 올드만",8.00,
"http://image.cine21.com/resize/cine21/poster/2020/0526/18_00_48__5eccdac09c81e[X230,330].jpg",국도극장,개봉일 : 2020-05-29,누적관객 : 57명,드라마,"
					
									,
									만년 고시생 기태가 고향 벌교로 돌아왔다.,
사법고시가 폐지되어 고시생이라는 그 서글픈 타이틀마저 이제는 쓸 수 없게 되었다.,
유배지로 향하듯 돌아온 고향엔 그다지 반가운 사람도, 반겨주는 사람도 없다.,
,
생계를 위해 낡은 재개봉 영화관 ‘국도극장’에서 일을 시작하는 기태.,
간판장이 겸 극장 관리인 오 씨는 ‘급하시다 해서 잠깐 도와주러’ 왔다는 기태가 못마땅하다.,
,
우연히 만나게 된 동창생이자 가수 지망생 영은은 기태와 달리 24시간을 쪼개 쓰며 여러 일을 전전하고,,
밤낮없이 술에 취해 있는 오 씨는 기태의 말동무가 되어준다.,
자식들을 위해 몸 아픈 것도 돌보지 않는 엄마는 여전히 안쓰럽다.,
기태는 왠지 이 사람들과, 다시 돌아온 고향이 싫지만은 않다.,
,
,				",,전지희,"이동휘,이한위,신신애,이상희,김서하,서현우,임성재,강태우,윤영민",,
"http://image.cine21.com/resize/cine21/poster/2020/0513/15_30_32__5ebb9408ae463[X230,330].jpg",라스트 풀 메저,개봉일 : 2020-05-20,"누적관객 : 10,255명","전쟁, 드라마","
					
									,
									1966년 4월 11일, 베트남 전쟁 사상 최악의 미군 사상자를 낸 애블린 전투.,
그곳에 전우들을 구하기 위해 주저없이 뛰어든 공군 항공대원 '피츠'.,
32년이 지난 후 국방부 소속 변호사 스콧 허프만(세바스찬 스탠)은,
그날의 생존자들의 기억을 토대로,
'피츠'에게 군 최고의 영예인 명예 훈장 수여를 위해 조사하던 중,,
국가의 은폐된 진실을 알게 되고 파헤치기 시작하는데...,
​,
5월 20일, 기적을 넘어선 감동 실화가 세상에 공개된다.				","
							1966년 4월 11일, 베트남전쟁 사상 수많은 미군 사상자를 내 최악의 전투로 꼽히는 애빌린 전투가 있었다. 33년이 지난 1999년 9월, 미 국방부 공군성 소속 변호사 스콧(세바스천 스탠)은 애빌린 전투에서 60명이 넘는 군인들을 구하다 목숨을 잃은 공군 항공구조대원 의무병 윌리엄 피첸바거에게 명예훈장을 수여하기 위한 조사를 맡는다. 전우들 사이에서 피츠라는 이...							",토드 로빈슨,"세바스찬 스탠,사무엘 L. 잭슨,크리스토퍼 플러머,윌리엄 허트,에드 해리스,피터 폰다",6.33,8.50
"http://image.cine21.com/resize/cine21/poster/2020/0508/56160_5eb4f1ba68155[X230,330].jpg",저 산 너머,개봉일 : 2020-04-30,"누적관객 : 101,963명",드라마,"
					
									,
									1928년 일제강점기, 세상에서 가장 사랑하는 엄마와 아픈 아버지를 위해,
신부보다 인삼장수가 되고 싶은 7살 소년 수환은,
자신의 마음밭에 심어진 믿음의 씨앗을 키워가며 저 산 너머에 있을 고향을 찾아간다				","
							독실한 천주교 집안의 막내 수환(이경훈)은 동네에서 ‘순한’이라고 불릴만큼 선한 심성을 지녔다. 교실에서 방귀를 뀐 친구가 부끄러워할까봐 수환 자신이 부끄러워하고, 시집간 누이가 낳은 또래의 조카와 몸싸움을 벌인 끝에 이기고 나서도 연민의 감정이 들어 고개를 파묻고 눈물을 흘린다. <저 산 너머>는 고 김수환 추기경의 어린 시절을 소박하게 그린 드라마다. ...							",최종태,"이항나,이경훈,안내상,강신일,송창의,이열음",5.00,8.00
"http://image.cine21.com/resize/cine21/poster/2020/0428/11_51_19__5ea79a2731d16[X230,330].jpg",프리즌 이스케이프,개봉일 : 2020-05-06,"누적관객 : 145,243명","어드벤처, 스릴러","
					
									,
									인권운동가 ‘팀’과 ‘스티븐’은 억울한 판결로 투옥된다.,
둘은 불의에 굴복하지 않고 탈출을 결심한다. ,
나가기 위해 열어야 할 강철 문은 15개!,
그들은 나뭇조각으로 열쇠를 만들기 시작하고,,
지금껏 아무도 성공한 적 없는 0%의 확률 속에서 ,
목숨을 건 단 한 번의 기회를 노리는데…,
				",,프란시스 아난,"다니엘 래드클리프,다니엘 웨버,이안 하트,마크 레너드 윈터",6.00,7.00
"http://image.cine21.com/resize/cine21/poster/2020/0414/10_43_16__5e951534a409c[X230,330].jpg",패왕별희,개봉일 : 2020-05-01,누적관객 : 27명,드라마,"
					
									어렸을 때부터 함께 경극을 해온 ‘두지’(장국영)와 ‘시투’(장풍의). ,
세상에 둘도 없는 절친한 아우와 형이지만, ,
‘두지’는 남몰래 ‘시투’에 대한 마음을 품고 있다.,
,
하지만 ‘시투’는 여인 ‘주샨’(공리)에 마음을 빼앗기고, ,
그로 인해 ‘두지’는 감정의 소용돌이에 빠지게 되는데…,
,
,				",,첸 카이거,"장국영,공리,장풍의,게유",8.40,
"http://image.cine21.com/resize/cine21/poster/2020/0506/12_02_33__5eb228c917c1e[X230,330].jpg",트롤: 월드 투어,개봉일 : 2020-04-29,"누적관객 : 145,911명",애니메이션,"
					
									,
									노래와 춤을 즐기며 평화로운 나날을 보내던 팝 트롤 ‘파피’와 ‘브랜치’ 그리고 친구들.,
어느 날 ‘파피’는 자신들 외에도 서로 다른 외모와 노래를 가진 5개의 트롤 마을이 더 있다는 것을 알게 된다.,
,
모두와 친구가 되어 신나게 지내고 싶은 ‘파피’와 달리,,
록 트롤 마을의 여왕 ‘바브’는 록을 제외한 모든 음악을 없애기 위해 다른 트롤 마을들을 하나씩 파괴하기 시작하고,
‘파피’는 위기에 빠진 트롤 세계를 구하기 위해 친구들과 위험천만한 모험을 떠나게 되는데…				","
							전편 <트롤>(2016)에서처럼 흥 넘치는 시간을 보내던 팝 트롤들에게 위기가 닥친다. 팝 트롤 여왕이 된 파피(안나 켄드릭)와 그의 친구 브랜치(저스틴 팀버레이크)는 서로 다른 외모와 음악을 가진 다섯개의 트롤 마을이 있다는 사실을 비로소 알게 된다. 새로운 세상을 만날 생각에 신난 팝 트롤들과 달리 록 트롤 마을의 여왕 바브(레이첼 블룸)는 다른 트롤 ...							","월트 도른,데이빗 P. 스미스","안나 켄드릭,저스틴 팀버레이크,샘 록웰,제이미 도넌,쿠널 나이어,제임스 코든,론 푼체스,월트 도른",6.33,7.00
"http://image.cine21.com/resize/cine21/poster/2020/0417/15_43_06__5e994ffa61761[X230,330].jpg",레이니 데이 인 뉴욕,개봉일 : 2020-05-06,"누적관객 : 85,999명",멜로·로맨스,"
					
									상상해 봐요,
막 떨어지기 시작한 빗방울,
센트럴 파크 델라코트 시계 아래,
누군가 당신을 기다리고 있다면…,
 ,
재즈를 사랑하는 ‘개츠비’(티모시 샬라메),
영화에 푹 빠진 ‘애슐리’(엘르 패닝),
낭만을 꿈꾸는 ‘챈’(셀레나 고메즈),
매력적인 세 남녀가 선사하는 낭만적인 하루!,
,
운명 같은 만남을 기대하며,
봄비 내리는 뉴욕에서,
로맨틱한 하루를 함께 하실래요?				","
							개츠비(티모시 샬라메)와 애슐리(엘르 패닝)는 대학에서 함께 신문을 제작하다 연인으로 발전했다. 애슐리는 곧 새 영화를 발표할 롤란 폴라드 감독(리브 슈라이버)의 인터뷰를 맡게 되었고, 인터뷰가 끝난 후 근사한 데이트를 할 계획으로 두 사람은 함께 뉴욕으로 향한다. 인터뷰 도중 롤란 폴라드 감독은 애슐리에게 자신의 신작을 보여주겠다는 제안을 하는데 관람 도중 자신의 ...							",우디 앨런,"티모시 샬라메,엘르 패닝,셀레나 고메즈,주드 로,디에고 루나,리브 슈라이버,체리 존스,그리핀 뉴먼,레베카 홀,수키 워터하우스",4.67,4.50
"http://image.cine21.com/resize/cine21/poster/2020/0507/11_26_17__5eb371c92de9c[X230,330].jpg",더 플랫폼,개봉일 : 2020-05-13,"누적관객 : 57,291명","스릴러, SF","
					
									0 … 33 … 101 …,
30일마다 랜덤으로 레벨이 바뀌는 극한 생존의 수직 감옥 ‘플랫폼’,
최상위 레벨 0에서 아래로 내려갈수록 음식도 인간성도 바닥나는데…,
2020.05.13. 레벨이 바뀐다!				","
							구덩이라 불리는 곳은 끝이 어디인지 알 수 없을 만큼 깊은 수직 감옥이다. 콘크리트가 아래로 이동하면서 수감자들에게 그 위에 놓인 음식을 먹을 수 있게 하는데, 아래층 수감자는 위층에서 먹다 남긴 걸 먹어야 하는 형국이다. 48층에서 눈을 뜬 주인공 고렝(이반 마사구에)은 심술궂은 노인 트리마가시(조리온 에귈레오)가 음식을 먹고 난 뒤 아래층 수감자들을 골려주기 위해...							",가더 가츠테루 우루샤,"이반 마사구에,조리온 에귈레오,안토니아 산 후안",6.33,7.00
"http://image.cine21.com/resize/cine21/poster/2020/0424/18_24_23__5ea2b047bd801[X230,330].jpg",보이콰이어,개봉일 : 2020-05-14,"누적관객 : 2,081명",드라마,"
					
									세상에 마음을 열지 못하는 반항아 ‘스텟’은 ,
어느 날 교장 선생님의 권유로 뜻하지 않게,
최고의 실력자만 모였다는 국립 소년 합창단 입학시험을 치른다.,
,
한 번도 음악 교육을 받은 적 없는 ‘스텟’의 숨겨진 재능을 엿본,
단장 ‘카르벨레’는 그에게 혹독한 교육을 넘어 인생의 가르침을 전하게 된다.,
,
방황과 혼란에서 벗어나지 못했던 ‘스텟’은,
그의 가르침 속에서 처음으로 꿈과 희망을 느끼고,
조금씩 변화하기 시작하는데…,
,
,				","
							몸과 마음의 집을 잃은 소년 스텟(개릿 워레잉)은 그의 노래 실력을 알아본 교장 선생님 덕에 국립소년합창단 오디션 기회를 얻는다. 가까스로 합창단원이 된 스텟은 단장이자 지휘자인 카르벨레(더스틴 호프먼)를 만나 자기 안의 목소리를 발견해나간다. 반항아가 좋은 스승을 만나 역경을 딛고 자란다는 빤한 스토리에 갈등이 손쉽게 사그라들지만, 어린 재능을 지켜주려 애쓰는 어른...							",프랑소와 지라르,"더스틴 호프만,캐시 베이츠,조쉬 루카스,가렛 워레잉,데브라 윙거,에디 이자드,케빈 맥헤일",5.00,
"http://image.cine21.com/resize/cine21/poster/2020/0427/11_28_37__5ea64355737e0[X230,330].jpg",파도를 걷는 소년,개봉일 : 2020-05-14,누적관객 : 806명,드라마,"
					
									,
									제주에서 외국인 불법 취업 브로커 일을 하는 이주노동자 2세 김수.,
폭력전과로 출소한 수는 사회봉사로 해안을 청소하다가,
바다에서 서핑하고 있는 서퍼들의 모습에 빠진다.,
쓰레기통에서 우연히 주운 보드를 가지고 무작정 바다에 뛰어든 수.,
그런데 제주 서퍼 해나가 위험하다며 수에게 태클을 건다.,
수는 서프숍을 운영하는 똥꼬와 서퍼 해나에게 천천히 서핑을 배우게 되고,,
서핑에 빠져들수록 외국인 불법 취업 브로커 일은 점점 잊게 되는데….,
,
수의 새로운 제주 서핑라이프는 무사히 지속될 수 있을까?				","
							바닷가를 찾은 한 소년이 서핑을 즐기는 이들을 홀린 듯이 쳐다본다. 이 소년은 외국인 불법 취업 브로커 일을 하고 있는 이주노동자 2세 김수(곽민규)다. 그는 폭행죄로 집행유예를 선고받아 또 한번 범죄가 발각되면 교도소에 갈 수도 있는 상황에 처해 있다. 그렇게 사회봉사 시간을 채우기 위해 쓰레기를 주우러 바닷가에 왔다가 새로운 세계에 눈뜨게 된 것이다. 우연히 길거...							",최창환,"곽민규,김현목,민동호,김해나,강길우",5.67,
"http://image.cine21.com/resize/cine21/poster/2020/0424/18_49_31__5ea2b62be7ad1[X230,330].jpg",콜 오브 와일드,개봉일 : 2020-05-14,"누적관객 : 34,107명","어드벤처, 드라마, 가족","
					
									1890년대 골드러시 시대, ,
금광이 발견되었다는 소식에 일확천금을 노린 수많은 사람들이 알래스카로 몰려든다. ,
   ,
따뜻한 캘리포니아의 부유한 가정에서 길러지던 개 ‘벅’은 ,
한순간 납치되어 알래스카 유콘으로 팔려가게 되고 ,
안락했던 과거와는 전혀 다른 삶이 시작된다. ,
   ,
광활한 대자연, 거친 약육강식의 세계 속 ,
우편배달 썰매견 팀의 신참이 된 ‘벅’. ,
끊임없는 역경이 그를 찾아오지만, ,
진정한 용기는 ‘벅’을 점차 팀의 리더 자리에 오르게 하는데… ,
  ,
야성의 부름에 응답하라! 위대한 여정이 펼쳐진다!				","
							1890년대 골드러시 시대, 따뜻한 캘리포니아의 가정에서 자라던 천방지축 어린 강아지 벅(테리 노터리)은 개장수에게 납치되어 알래스카 유콘으로 팔려간다. 우여곡절 끝에 신참 우편배달 썰매견으로 일하게 된 벅은 알래스카의 광활하고 혹독한 자연 속에서 전혀 다른 삶을 이어간다. 특유의 성실함으로 주인의 사랑을 받는 벅은 어느덧 어엿한 리더로 거듭난다. 기쁨도 잠시, 알래...							",크리스 샌더스,"해리슨 포드,오마 사이,카렌 길런,카라 지,댄 스티븐스,브래드리 휘트포드",6.00,6.50
"http://image.cine21.com/resize/cine21/poster/2020/0420/10_49_07__5e9cff93a8e84[X230,330].jpg",해피 해피 레스토랑,개봉일 : 2020-05-14,"누적관객 : 1,004명",가족,"
					
									바다가 보이는 목장에서 가족과 함께 수제 치즈를 만드는 와타루. 자연과 더불어 식재료를 생산하는 일에 자부심을 지닌 마을 친구들과 함께여서 하루하루가 즐겁다.,
,
와타루와 친구들은 더 많은 사람들과 먹는 기쁨을 나누기 위해 아름다운 바다가 보이는 절벽 위, 자신들이 키운 농작물을 재료로 한 레스토랑 오픈을 준비한다. 하지만 아버지처럼 따르던 치즈 스승 오타니가 갑작스럽게 세상을 떠나자 와타루는 큰 슬픔에 빠지는데…				","
							바다가 보이는 목장에서 수제 치즈를 만드는 와타루(오이즈미 요)는 마을의 동료들과 함께 신선한 농작물을 재료로 한 레스토랑 오픈을 준비한다. 믿고 따르던 스승 오타니(고히나타 후미요)가 세상을 떠난 후 크게 낙심하지만 가족, 동료들의 위로를 통해 상황을 극복해간다. 익숙하고 전형적인 서사지만 그렇기에 무리 없이 위로를 전한다. 평화로운 전경, 신선한 재료, 각자의 이...							",후카가와 요시히로,"오오이즈미 요,혼조 마나미,오카다 마사키,코히나타 후미요,마키타 스포츠,타카하시 츠토무,마시마 히데카즈",5.00,
"http://image.cine21.com/resize/cine21/poster/2020/0417/12_01_33__5e991c0d82058[X230,330].jpg",톰보이,개봉일 : 2020-05-14,"누적관객 : 26,297명",드라마,"
					
									새로 이사 온 아이, ‘미카엘’.,
파란색을 좋아하고, 끝내주는 축구 실력과 유난히 잘 어울리는 짧은 머리로,
친구들을 사로잡는 그의 진짜 이름은 ‘로레’!,
,				","
							<톰보이>는 <타오르는 여인의 초상>(2019)으로 제72회 칸국제영화제 각본상과 퀴어종려상을 수상한 셀린 시아마 감독이 2011년에 만든 두 번째 장편영화다. 여름방학 중에 새 동네로 이사온 10살의 ‘톰보이’ 미카엘(조 허란)은 이웃집 소녀 리사(진 디슨)와 통성명을 하고 친구가 된다. 리사덕에 동네의 또래 남자아이들과도 스스럼없이 어울리게 ...							",셀린 시아마,"조 허란,말론 레바나,진 디슨,소피 카타니,마티유 데미",7.33,5.67
"http://image.cine21.com/resize/cine21/poster/2020/0513/11_45_09__5ebb5f35bcd6a[X230,330].jpg",동감,개봉일 : 2020-05-14,"누적관객 : 5,512명",드라마,"
					
									1979년에 사는 여대생 ‘소은’,
2000년에 사는 남학생 ‘인’,
,
개기월식이 이루어지던 날,
스며든 달빛과 함께 낡은 무전기에 수신호가 울린다.,
,
,
다른 시간 속에 놓여진 두 사람은,
무전을 통해 매일 밤 이야기를 나누며,
같은 사랑을 품게 되는데…,
,
,				",,김정권,"김하늘,유지태,하지원,박용우,김민주,신철진,김상원,유태균,이인옥,맹봉학",7.52,
"http://image.cine21.com/resize/cine21/poster/2020/0427/14_32_20__5ea66e64ebc17[X230,330].jpg",고양이 집사,개봉일 : 2020-05-14,"누적관객 : 2,375명",다큐멘터리,"
					
									,
									이름 빼고 다 주는 바이올린 가게 아저씨,,
짜장면 대신 고양이 도시락 배달하는 중국집 사장님부터,
급식소 만들어 주는 주민센터 사람들,,
남겨질 고양이들을 걱정하며 밥을 주는 생선가게 할머니,,
급식소를 제작하는 청사포 마을 청년 사업가까지!,
함께 살아갈 수 있다면 모든 것을 털려도 행복한 집사들의 사랑 이야기가 시작된다!				","
							<고양이 집사>는 길 위의 고양이들과 그 고양이들을 보살피며 살아가는 사람들의 이야기를 담은 다큐멘터리다. 영화는 고양이와의 공존을 꿈꾸는 ‘집사’들을 만나고자 고양이 마을 조성을 추진 중인 춘천 효자동을 시작으로 성남, 노량진, 부산 청사포, 파주 헤이리를 오간다. 그 출발점이자 중반부까지 이야기의 무대가 되는 춘천 효자동은 특히 다채로운 고양이와 집사들...							",이희섭,임수정,5.50,
"http://image.cine21.com/resize/cine21/poster/2020/0519/11_29_42__5ec34496eebaa[X230,330].jpg",루키스,개봉일 : 2020-05-20,"누적관객 : 5,359명",액션,"
					
									,
									위험천만 익스트림 스포츠를 즐기는 관종 ‘펑’(왕대륙)은,
마천루의 꼭대기를 점령하기 위한 사투를 벌이다가,
우연한 기회(?)로 전 세계를 장악하려는 국제범죄조직들의,
비밀 거래 현장에 착륙하게 되고,
그들을 쫓던 국제첩보조직 ‘팬텀’의 보스 ‘브루스’(밀라 요보비치)에 의해,
세계 테러를 막을 비밀 스파이로 스카우트되는데…,
,
,				","
							익스트림스포츠 현장을 생중계하는 스트리머 펑(왕대륙)은 맨손으로 고층 빌딩을 오르던 중 꼭대기에서 떨어진다. 낙하산 덕에 목숨을 구한 그는 범죄조직이 불법적인 거래를 벌이는 비밀기지에 불시착하고 만다. 펑은 당황한 나머지 거래하러 온 조직원 행세를 하고, 국제첩보조직 팬텀의 보스 브루스(밀라 요보비치)가 범죄조직을 소탕하면서 가까스로 기지를 빠져나온다. 그러나 이미 ...							",원금린,"밀라 요보비치,왕대륙,장용용,허위주,데이비드 맥기니스",2.50,
"http://image.cine21.com/resize/cine21/poster/2020/0427/14_26_30__5ea66d0657daa[X230,330].jpg",오퍼나지: 비밀의 계단,개봉일 : 2020-05-20,"누적관객 : 176,973명","판타지, 미스터리, 드라마, 공포","
					
									로라는 남편, 아들인 시몬과 함께 아픈 아이들을 위한 보호소를 열기 위해 자신이 자란 고아원으로 돌아온다. 오픈 파티 날, 로라는 새로 사귄 친구를 소개해주겠다고 떼를 쓰는 시몬을 다그친다. 화가 난 시몬은 집을 뛰쳐나가고 바다 앞 동굴에서 실종된다.,
6개월 후, 여전히 아들을 찾고 있는 로라는 조용한 집에서 공포스러운 존재를 느끼며 충격적인 진실과 마주하게 되는데…				","
							어릴 적에는 어둠만이 아니라 고요한 햇빛도 무서울 때가 있었다. 바람에 흔들리는 커튼이 이따금 그림자를 만들었다가 지울 때면 뒤에서 누군가 어른거리는 듯하여 자꾸 뒤를 돌아보게 되곤 했다. 빛과 정적과 짧은 흔들림이 만들어내던, 매우 고요한 공포. 스페인·멕시코 합작 공포영화 <오퍼나지: 비밀의 계단>은 성장과 더불어 잊혀진 듯했으나 문득문득 자신의 존재...							",후안 안토니오 바요나,"벨렌 루에다,페르난도 카요,로저 프린셉,제랄딘 채플린,몬테세라트 카룰라,마벨 리베라",6.33,7.26
"http://image.cine21.com/resize/cine21/poster/2020/0429/10_48_07__5ea8dcd71cd28[X230,330].jpg",초미의 관심사,개봉일 : 2020-05-27,"누적관객 : 3,876명",드라마,"
					
									,
									이태원에서 가수 ‘블루로 활동하며 주가를 올리고 있는 ‘순덕’(김은영).,
어느 날 성격 차이로 별거(?) 중이었던 엄마(조민수)가 들이닥쳐 엄청난 소식을 전한다.,
막내가 엄마의 가겟세와 ‘순덕’의 비상금을 들고 튀었다는 것!,
,
괘씸한 막내를 쫓기 위해 두 사람은 단 하루, 손을 잡기로 합의하고 이태원을 누비기 시작한다.,
그러나 극과 극의 성격을 가진 두 사람은 사사건건 부딪히기 시작하고,,
추적 끝에 밝혀지는 막내의 비밀은 수상하기 짝이 없는데...,
,
,				","
							‘블루’라는 예명으로 가수 활동 중인 순덕(김은영)은 어느 날 엄마(조민수)의 갑작스러운 방문에 당황한다. 자유로운 영혼이면서 한편으론 불같은 성질을 지닌 엄마는 오랜만에 만난 순덕에게 다짜고짜 화를 낸다. 다름 아닌 막내 유리(최지수)가 엄마의 가겟세를 갖고 달아났다는 것. 심드렁하던 순덕은 자신의 비상금마저 동생 유리에게 털렸다는 것을 알게 되자 엄마와 함께 동생...							",남연우,"조민수,치타,테리스 브라운",6.33,7.00
"http://image.cine21.com/resize/cine21/poster/2020/0428/56213_5ea7c4c2962e5[X230,330].jpg",비홀드 마이 하트,개봉일 : 2020-05-21,"누적관객 : 1,096명",드라마,"
					
									로맨틱한 남편이자 다정한 아빠였으며, 따뜻한 음악을 노래한 뮤지션 ‘스티븐’.,
그가 떠나고 남겨진 아내 ‘마거릿’과 십대 아들 ‘마커스’는,
그 어떤 말로도 위로되지 않는 힘겨운 시간을 보내는데...,
,
“당신이 있어 참 행복했습니다”				",,조슈아 레오나드,"마리사 토메이,찰리 플러머,티모시 올리펀트,미레유 에노스,에밀리 로빈슨,사키나 자프리,데이빗 콜",,
"http://image.cine21.com/resize/cine21/poster/2020/0521/15_24_08__5ec61e88c259a[X230,330].jpg",루팡 3세: 더 퍼스트,개봉일 : 2020-05-21,"누적관객 : 6,145명",애니메이션,"
					
									세상의 운명을 바꿀 비밀이 담겨 있는 브레송 다이어리.,
어느 날, 다이어리가 전시된 브레송 회고전에 ‘루팡 3세’의 예고장이 날아들고, 다이어리를 노리는 비밀 조직 역시 고고학도 ‘레티시아’를 이용해 이를 가로채려고 하는데…,
 ,
,				",,야마자키 다카시,"쿠리타 칸이치,히로세 스즈,후지와라 타츠야",,
"http://image.cine21.com/resize/cine21/poster/2020/0513/10_56_17__5ebb53c1f2191[X230,330].jpg",비커밍 제인,개봉일 : 2020-05-21,"누적관객 : 216,029명","멜로·로맨스, 드라마","
					
									영국 햄프셔에서 작가를 꿈꾸던 제인 오스틴 앞에 나타난,
부와 명예를 가진 청혼남 위슬리와,
도시에서 온 가난한 변호사 톰 르프로이,
,
인생을 바꿀 선택의 기로에 선 제인은,
자신만의 방식으로 사랑에 전부를 바치는데…				","
							<오만과 편견> <센스, 센서빌리티> <설득> 등. 제인 오스틴의 여자들은 항상 돈과 사랑을 두고 겨룬다. 극성인 어머니와 예의와 이성에 따라 행동하려는 딸의 구도로 벌어지는 싸움이지만 이는 그 시대 여성들이 고민해야 하는 상반된 두 가지 요소를 반영한다. 가부장 중심적인 사회에서 좋은 가문과 결혼해 지극히 평범한 삶을 이어갈지, 자신...							",줄리안 자롤드,"앤 해서웨이,제임스 맥어보이,줄리 월터스,매기 스미스,제임스 크롬웰,안나 맥스웰 마틴,로렌스 폭스",6.00,7.41
"http://image.cine21.com/resize/cine21/poster/2020/0515/17_44_09__5ebe56590c931[X230,330].jpg",날씨의 아이,개봉일 : 2020-05-21,"누적관객 : 701,625명","판타지, 애니메이션, 멜로·로맨스","
					
									,
,
비가 그치지 않던 어느 여름날,,
가출 소년 ‘호다카’는 수상한 잡지사에 취직하게 되고,
비밀스러운 소녀 ‘히나’를 우연히 만난다.,
,
,
,
그녀의 기도에 거짓말 같이 빗줄기는 멈추고,,
사람들의 얼굴에 환한 빛이 내려온다.,
,
,
,
하지만, 맑음 뒤 흐림이 찾아오듯,
두 사람은 엄청난 세계의 비밀을 마주하게 되는데…,
,
,				","
							작은 섬마을을 떠나 도쿄로 온 가출 소년 호다카(다이고 고타로). 근미래 도쿄는 연일 내리는 비로 우울하기 짝이 없고, 집나온 소년에게 대도시는 호락호락 곁을 내어주지 않는다. 배고프고 갈 곳 없어 헤매는 그를 받아준 곳은 도심의 한 허름한 르포 잡지사. 편집장 스가(오구리 슌)가 기자 나츠미(혼다 쓰바사)와 함께 미스터리한 사건을 취재하는 곳이다. 호다카는 이곳에서...							",신카이 마코토,"심규혁,김유림,최한,강은애,김서영,이장원,손정아,다이고 코타로,모리 나나,오구리 슌",6.50,8.20
"http://image.cine21.com/resize/cine21/poster/2020/0416/16_20_40__5e980748de15e[X230,330].jpg",나는보리,개봉일 : 2020-05-21,"누적관객 : 6,744명","드라마, 가족","
					
									,
									바닷마을에 사는 열한 살 소녀, 보리는 가족 중 유일하게 들을 수 있다.,
초등학생이 된 보리는 말로 하는 대화가 점점 더 익숙해지고 수어로 소통하는 가족들 사이에서 외로움을 느끼게 되는데…,
,				","
							보리(김아송)는 가족구성원 중 유일하게 소리를 들을 수 있다. 때문에 음식 주문을 포함한 타인과의 의사소통 대부분을 도맡아서 하는데, 그 과정에서 묘한 소외감을 느낀다. 소리를 듣지 못하는 가족들은 너무나 행복해 보이고 그들 사이엔 자신이 이해하지 못하는 무언가가 존재하는 것 같다. 자신도 청력을 잃게 해달라고 매일 소원을 빌던 와중에 보리는 우연히 TV에서 한 해녀...							",김진유,"김아송,이린하,황유림,곽진석,허지나",6.00,
"http://image.cine21.com/resize/cine21/poster/2020/0131/10_49_00__5e33878cbffbc[X230,330].jpg","하이, 젝시",개봉일 : 2020-02-19,,코미디,"
					
									기상 알람을 시작으로 샤워하면서 BGM, 출근하면서 네비게이션,,
퇴근 후 배달앱과 너튜브, 잠들기 전 SNS까지,
손에서 도무지 핸드폰을 놓지 못하는 폰생폰사 ‘필’ ,
,
어느 날, ‘필’은 베프였던 ‘시리’의 사망으로 새 폰 ‘젝시’를 만나게 된다.,
그렇게 집, 회사 무한 루프의 평온한 삶으로 다시 돌아갈 줄 알았던 ‘필’,
하지만 더 나은(?) 인생을 위한 인공지능 도우미 ‘젝시’는,
‘필’의 직장, 친구 그리고 연애까지 제멋대로 그의 인생에 끼어들기 시작하는데…,
,
,				","
							저널리스트를 꿈꾸며 언론사에 입사했으나 ‘라이언 고슬링 닮은 고양이 리스트’를 써야 하는 필(애덤 더바인)은 SNS 속 세상에서만 그럴듯한 남자다. 동료들의 모임 제안도 뿌리치고 집에서 배달 앱으로 저녁을 해결한 그는 감성적인 문구와 함께 엄청난 보정을 거친 창밖 풍경을 페이스북에 업로드하며 흡족해한다. 손바닥 안 화면에서 눈을 떼지 않던 필은 결국 출근길에 휴대폰을...							",스캇 무어,"아담 드바인,로즈 번,알렉산드라 쉽,마이클 페나,완다 사이키스,저스틴 하틀리,론 푼체스,샬린 이",6.00,5.50
"http://image.cine21.com/resize/cine21/poster/2019/0820/18_13_11__5d5bb9a79e71f[X230,330].jpg",예스터데이,개봉일 : 2019-09-18,,"뮤직, 드라마","
					
									,
									하루하루 힘겹게 음악을 하던 무명 뮤지션 잭. 모든 것을 포기하려던 순간, 전세계가 동시에 정전이 된다!,
다음 날 세상에선 비틀즈가 사라지고, 오직 잭만이 그들의 음악을 기억하게 된다.,
특별한 기회를 만난 잭은 세계적인 스타가 될 운명에 섰는데…				","
							잭 말릭(히메시 파텔)은 대형마트에서 일하는 무명 뮤지션이다. 그의 오랜 친구이자 매니저를 자청하는 앨리(릴리 제임스)와 함께 공연장을 전전하지만 관객의 반응은 영 신통치 않다. 잭이 앨리에게 “여기서 (공연을) 그만하자”고 말하던 날 밤, 전세계에서 동시에 정전이 일어난다. 자전거를 타고 집으로 가다가 버스와 충돌하는 사고를 당한 그는 비틀스가 사람들의 기억 속에서...							",대니 보일,"히메쉬 파텔,릴리 제임스,케이트 맥키넌,에드 시런,제임스 코든,아나 디 아르마스",6.00,5.60
"http://image.cine21.com/resize/cine21/poster/2020/0525/14_23_59__5ecb566f8f2e2[X230,330].jpg",엔딩스 비기닝스,개봉일 : 2020-06,,드라마,"
					
									연.애.종.식.선.언!,
운명이라 믿었던 남자와의 오랜 연애를 끝낸 ‘다프네’는,
이별 후폭풍으로 No 연애, No 알콜과 함께 금욕 생활을 선언한다.,
,
다정한 남자 VS 섹시한 남자,
어느 날 그녀 앞에 나타난 두 남자 ‘잭’과 ‘프랭크’.,
‘다프네’는 따뜻하게 다가와 안정감을 주는 ‘잭’에게 끌리면서도,
섹시한 눈빛으로 자신을 바라보는 ‘프랭크’에게 흔들려버린다.,
,
“사랑을 다시 시작하긴 두렵지만 외로운 건 싫어…”,
사랑이 실패할까 두려운 ‘다프네’와 그녀에게 직진하는 두 남자.,
‘다프네’는 두 사람을 알아가보기로 결심하는데…,
,
6월, 사랑이 두려운 당신을 위한,
두 가지 색 리얼 현실 로맨스가 시작된다!				",,드레이크 도리머스,"쉐일린 우들리,제이미 도넌,세바스찬 스탠,매튜 그레이 구블러,린제이 슬로안",,
"http://image.cine21.com/resize/cine21/poster/2017/0809/10_33_16__598a665c4a9b6[X230,330].jpg",플랫라이너,,,"SF, 공포, 드라마, 스릴러",줄거리가 없습니다.,,닐스 아르덴 오플레브,"엘렌 페이지,디에고 루나,니나 도브레브,제임스 노튼,키퍼 서덜랜드,샬롯 맥키니",,
"http://image.cine21.com/resize/cine21/poster/2019/0108/15_13_40__5c343f944854f[X230,330].jpg",홈즈 앤 왓슨,,,상영시간 : 89분,줄거리가 없습니다.,,에탄 코헨,"랄프 파인즈,켈리 맥도널드,레베카 홀,윌 페렐,벨라 램지",,
"http://image.cine21.com/resize/cine21/poster/2018/1114/15_57_20__5bebc7500cab3[X230,330].jpg",더 파티,개봉일 : 2018-12-20,,"코미디, 드라마","
					
									보건복지부 장관 임명을 자축하기 위해 친구들을 초대한 ‘자넷’. ,
 무슨 이유에서인지 무기력해 보이는 그녀의 남편 ‘빌’. ,
 냉소주의자 ‘에이프릴’과 결별 직전의 남자친구 ‘고프리드’. ,
 페미니스트 ‘마사’와 연인 ‘지니’. ,
 잘 나가는 은행가 ‘톰’까지. ,
  ,
 7명의 게스트, 71분간의 폭로전이 시작된다! ,
 예측불허 디너 파티의 결말은?				","
							<더 파티>는 흑백의 화면, 한정된 공간에서 어느 날의 저녁 식사가 불러온 잔인한 희비의 교차를 그린다. 1시간이 조금 넘는 러닝타임 동안 파티는 계속해서 병적으로 비틀어질 뿐이다. 보건부 장관에 임명된 자넷(크리스틴 스콧 토머스)은 축하파티 겸 6명의 친구들을 초대한다. 냉소적인 에이프릴(퍼트리샤 클라크슨)과 고트프리드(브루노 간츠), 임신부인 지니(에밀...							",샐리 포터,"패트리샤 클락슨,브루노 간츠,체리 존스,에밀리 모티머,킬리언 머피,크리스틴 스콧 토마스,티모시 스폴",6.67,8.00
"http://image.cine21.com/resize/cine21/poster/2016/0831/14_52_58__57c670ba7f79b[X230,330].jpg",마이 베이커리 인 뉴욕,개봉일 : 2016-09-08,,"코미디, 멜로·로맨스","
					
									,
									뉴욕, 브루클린에서 가장 달콤한 곳 ‘이자벨 베이커리’ ,
100년 동안 골목골목을 빵 냄새로 물들였던 이모 이자벨의 베이커리를 물려받게 된 ,
정반대 성격의 사촌 쥬얼리 디자이너 비비안과 스타 셰프의 보조 셰프 클로이. ,
베이커리의 전통을 지키려는 비비안과 현대적인 변화를 꿈꾸는 클로이는 사사건건 부딪히고 ,
한 지붕 아래 두 가게의 빵집이 손님을 두고 경쟁하는 초유의 사태가 벌어진다. ,
설상가상으로 베이커리가 문을 닫을 위기에 놓이게 되는데… ,
  ,
""서두를 필요 없어. 인내가 길수록 빵은 더 맛있어 지거든”				",,구스타보 론,"에이미 티가든,워드 호튼,블랑카 수아레즈,어니 사벨라,조쉬 페이스,엔리크 알크,린다 라빈,그리핀 뉴먼",,
"http://image.cine21.com/resize/cine21/poster/2018/1207/18_06_29__5c0a3815a0855[X230,330].jpg",스파이더맨: 뉴 유니버스,개봉일 : 2018-12-12,,"액션, 애니메이션, 가족","
					
									,
									평범한 10대 ‘마일스 모랄레스’는 우연히 방사능 거미에 물려 스파이더맨 능력을 가지게 된다.,
혼란스러워하던 ‘마일스’는 악당과 싸우고 있는 ‘피터 파커’를 마주치게 되고 ‘피터 파커’는 ‘마일스’가 자신과 같은 능력을 가지고 있음을 직감한다. ,
여러 개의 평행세계가 존재한다는 것을 알게 된 ‘마일스’와 ‘피터 파커’는 이후 스파이더우먼 ‘스파이더 그웬’, ‘스파이더맨 누아르’, ‘스파이더햄’ 등 평행세계 속 공존하는 모든 스파이더맨들을 만나게 되는데… ,
하나의 유니버스에서 만나 팀을 결성한 스파이더맨들은 과연 세계를 구할 수 있을까?				","
							슈퍼히어로들을 현대 독자들의 눈높이에 맞춰 재정비한 마블의 ‘얼티밋 코믹스’를 원작으로 하는 애니메이션. 원작의 주인공인 마일스 모랄레스는 버락 오바마 전 미국 대통령으로부터 영감을 받아 탄생한 흑인 스파이더맨으로, ‘얼티밋 코믹스’가 창조한 가장 매력적인 캐릭터 중 하나로 평가받는 인물이다. 영화는 평범한 고등학생인 마일스가 우연히 거미에 물려 초능력을 가지게 된 ...							","밥 퍼시케티,피터 램지,로드니 로스맨","샤메익 무어,헤일리 스타인펠드,니콜라스 케이지,제이크 존슨,리브 슈라이버,마허샬라 알리,키미코 글렌",7.80,8.40
"http://image.cine21.com/resize/cine21/poster/2017/0511/11_26_04__5913cbbc77262[X230,330].jpg",내 아내와 결혼해 주세요,개봉일 : 2017-05-18,,"멜로·로맨스, 드라마","
					
									,
									어떤 상황이라도 즐거운 일로 바꾸자는 신념으로 살아온 경력 20년 차 베테랑 방송작가 ‘슈지’는 어느 날, 청천벽력 같은 췌장암 말기 6개월 시한부 선고를 받게 된다. ,
자신이 세상을 떠난 뒤 남겨질 사랑하는 가족 걱정에 상심에 빠져 있던 ‘슈지’는 우연히 웨딩업체의 광고를 접하게 되고, 한 가지 기상천외한 아이디어를 떠올린다. ,
그것은 바로 자신을 대신할 새로운 남편을 아내에게 선물하는 것! ,
,
과연, ‘슈지’의 인생 마지막 예능은 성공적으로 실행될 수 있을까…?				","
							내 아내에게 새로운 남편을 찾아주는 게 정말 그렇게 이상한 일일까? 올해 45살의 중견 방송작가 슈지(오다 유지)는 아내 아야코(요시다 유우), 어린 아들과 함께 행복한 가정을 꾸리고 있다. 그러나 슈지는 갑작스럽게 췌장암 4기 진단을 받는다. 수술도 불가능할 뿐 아니라 1년 정도밖에 살 수 없다는 말에 슈지는 치료 대신 남은 생을 차분히 정리하기로 한다. 이때 슈지...							",미야케 요시시게,"오다 유지,요시다 요,하라다 타이조,다카시마 레이코,모리 칸나,마시마 히데카즈,마에카와 야스유키",4.00,
"http://image.cine21.com/resize/cine21/still/2013/0703/14_47_44__51d3bb00e8deb[X230,330].jpg",녹색물질,누적관객 : 419명,,드라마,"
					
									폭우가 내리는 어느 날. 시골 선술집에 모인 이들에게 비름 흠뻑 맞은 아이가 찾아온다. 겁에 질린 아이는 자신의 아버지가 녹색괴물로 변해가고 있다는 믿기 힘든 말을 전한다. 무리들은 의논 끝에 아이의 아버지를 찾아 나서기로 하는데… (2012년 제11회 미쟝센 단편영화제) 				",,권오광,맹봉학,,
"http://image.cine21.com/resize/cine21/poster/2015/0122/17_20_04__54c0b2b4435b2[X230,330].jpg",마음을 남김,,,"드라마, 코미디, 판타지","
					
									 				",,히라카와 유이치로,"오카다 마사키,히로스에 료코,키나미 하루카,타카하시 츠토무",,
"http://image.cine21.com/resize/cine21/poster/2018/0813/11_43_47__5b70f06356149[X230,330].jpg",대관람차,개봉일 : 2018-08-30,,드라마,"
					
									,
									선박사고로 실종된 선배 대정 대신 오사카에 출장 온 선박회사 대리 ‘우주’.,
,
출장 마지막 날, 대정과 닮은 남자를 보고 무작정 쫓아가다, 다이쇼(大正)라는 낯선 동네에 도착한 우주는 기타 소리에 이끌려 피어Pier 34라는 작은 바에 들어가게 된다.,
,
바 주인인 ‘스노우’의 기타 연주를 들으며 대정을 추억하던 우주는 잠이 들어버리고, 다음 날 아침 귀국 비행기를 놓치게 된다.,
,
핸드폰까지 잃어버린 상황에서 간신히 회사에 상황 보고를 하던 우주는 부장에게 온갖 꾸지람을 듣고 충동적으로 회사를 그만두고 실종된 대정을 찾기로 결심한다.,
,
다시 돌아간 피어Pier 34에서 스노우에게 기타를 배우지만 노래하지 않는 ‘하루나’를 만나는데…				","
							일본 오사카로 출장을 떠났던 우주(강두)는 술에 취해 길을 헤매다 우연히 선박 사고로 실종된 회사 선배 대정(지대한)과 닮은 사람을 만난다. 홀린 듯 그의 뒤를 좇던 우주는 신비한 분위기의 술집을 발견하고는 그곳에 들어가 밤새 술을 마신다. 결국 다음날 한국으로 돌아갈 비행기도 놓쳐버린 그는 선배 대정이 추구했던 음악하는 삶, 누군가에 도움이 되는 인생을 살기로 결심...							","백재호,이희섭","호리 하루나,스노우,지대한,츠지 나기코",6.25,6.50
"http://image.cine21.com/resize/IMGDB/poster/2002/0423/large/171611_whoar[X230,330].JPG",후아유,개봉일 : 2002-05-24,,"드라마, 멜로·로맨스","
					
									,
									,
2002년 서울, 63빌딩. 채팅게임 ‘후아유’의 기획자 ‘형태’는 2년 넘게 준비해온 게임의 오픈을 앞두고 테스트 참가자들의 반응을 살피며 노심초사하던 중,게시판에서 ‘후아유’를 비방하는 ID‘별이’의 글을 읽고 분개한다.그런데 그녀가 같은 건물의 수족관다이버라는 것을 알고는 베타테스터 인터뷰를 빙자하여 찾아갔다가 엉뚱하고 당돌한 그녀에게 필이 꽂힌다. 인어쇼를 히트시키기 위해 연습에 열중인 수족관 다이버 ‘인주’. 한때는 국가대표 수영선수였지만 부상을 당한 이후로 63수족관 다이버로 일하는 그녀는 ‘후아유’ 인터뷰차 찾아온 형태에게서 옛 남자친구의 눈빛을 느낀다.,
,
형태는 ‘멜로’라는 아바타로 자기를 숨기고 인주(ID별이)의 게임파트너가 되어 접근하는데 온라인과 현실 양쪽에서 그녀를 알아가는 아슬아슬한 게임을 즐기면서 점점 그녀에게 빠진다. 그러나 인주는 자기를 너무나 잘 알아주는 게임속 파트너 ‘멜로’에게 마음을 열기 시작하고 현실속의 형태는 게임으로 떼돈 벌려는 이기적인 속물 취급 한다. 그러던 중 전혀 알 수 없었던 인주의 아픔을 발견하면서 사랑을 느끼게 되는 형태, ‘멜로’가 형태라는 사실을 모르고 게임속의 ‘멜로’에게 빠져있는 인주의 환상을 깨주려고 하지만,,
그럴수록 인주는 현실의 형태에게는 마음을 닫아버린다.,
,
 				",,최호,"조승우,이나영,조은지,이장원,김상원,김광일,박해일",7.60,
"http://image.cine21.com/resize/cine21/poster/2018/0427/10_21_52__5ae27b30b2298[X230,330].jpg",당신의 부탁,개봉일 : 2018-04-19,,드라마,"
					
									,
									2년 전 사고로 남편을 잃은 32살 효진(임수정)은,
 그녀의 절친한 친구인 미란(이상희)과 동네 작은 공부방을 하며 혼자 살아간다.,
 평범한 삶을 살아가던 효진 앞에 어느날 갑자기 죽은 남편의 아들인 16살 종욱(윤찬영)이 나타난다.,
 오갈 데가 없어진 종욱의 엄마가 되어달라는 당황스러운 부탁.,
 효진은 고민 끝에 피 한 방울 섞이지 않은 종욱의 엄마가 되기로 결심하는데…				","
							몇년 전 남편이 죽고 혼자가 된 효진(임수정)은 매사에 무기력하게 살고 있다. 그러던 어느 날, 효진은 시동생으로부터 남편과 그의 전 부인 사이에 있었던 아들 종욱(윤찬영)을 대신 키워줄 수 없겠느냐는 갑작스런 부탁을 받는다. 청소나 화장실 배려 등 일상의 곳곳에서 부딪치는 두 사람은 좀처럼 가까워지지 못한다. 툭하면 독서실에 간다고 거짓말을 한 후 누군가를 찾아나서...							",이동은,"임수정,윤찬영,이상희,서신애,한주완,서정연",5.75,6.00
"http://image.cine21.com/resize/IMGDB/poster/2001/0316/large/140918_p[X230,330].jpg",인디안 썸머,개봉일 : 2001-05-05,,"멜로·로맨스, 드라마","
					
									,
									제발 날 그냥 내버려 둬요.,
,
2234번 피고인 이신영, 남편 살해 혐의로 사형선고를 받았지만, 자신을 위한 모든 변호를 거부, 죽음을 기다렸던 사람처럼 평온하다.,
,
변호사 서준하, 출세길이 보장된 해외연수를 기다리는 동안, 이신영의 항소심 국선변호를 맡는다. 여느 피고인과는 다른 신영의 태도, 그는 그녀의 차가운 눈빛을 잊지 못한다.,
,
항소심 첫 재판날, 갑자기 재판을 거부하는 이신영.,
재판은 중지되고, 이신영은 독방에 감금된다.,
준하는 그녀의 모든 사건 파일을 뒤지기 시작한다.,
,
죽고싶단 말이.... 살고싶단 말보다 더 절실하게 들리는 거... 알아요?,
,
준하는 맡고 있던 모든 사건을 중단, 해외연수를 포기하고,,
이신영의 흔적을 찾아 동분서주한다.,
자신을 위해 애쓰는 준하의 모습을 보며, 신영은 조금씩 그를 보기가 힙겹다.,
,
준하의 노력으로 항소심은 무죄판결이 나고, ,
차가운 교도소 밖 햇살 가득한 남해바다에서,
처음으로 변호사와 피고인이 아닌,,
남자와 여자로 만난다.,
,
정말 죽였으면 죽였다고 말해요. 그럼 내가 포기할께요.,
,
대법정, 항소심 파기가 결정되고,,
다시 재판이 시작된다.,
,
⊙ 관련 사이트,
",,노효정,"박신양,이미연,장용,한명구,손병호,최정우,최상학,전아,유태균,한상미",5.61,
"http://image.cine21.com/resize/cine21/poster/2005/0511/M0010012_[X230,330].jpg",수취인불명,개봉일 : 2001-06-02,,드라마,"
					
									,
									,
,
그 마을 입구에는 빨간 버스가 있다.,
되돌아온 편지에 찍힌 수취인불명 직인처럼 붉은.,
그곳엔 우리가 되돌려보냈을지 모를 한 때와 ,
아무도 받아주지 않는 사랑을 하는 사람들이 살고 있다.,
,
,
 ,
1970년대 말 주한미군부대가 주둔한 그 마을은 전쟁이 만들어낸 상처가 고스란히 남아있는, 물이 흐르지 않는 웅덩이 같은 곳이다. ,
그곳에는 마을사람들에게 외면당한 채 혼혈인 아들과 함께 빨간버스에서 사는 양공주였던 창국모가 있고 6.25전쟁 때 얻은 다리부상이 유일한 자랑거리인 생활력 없는 지흠아버지, 그리고 난폭하지만 유일하게 창국모자를 이해하고 돌봐주는 개눈이 있다. 개눈은 한결같은 마음으로 창국모를 대하지만 그녀에게 함부로 구는 창국에게는 분노를 느낀다. 				",,김기덕,"양동근,방은진,조재현,반민정,김영민,동방우,조명연,김상원,밋츠 마럼,손민석",7.30,
"http://image.cine21.com/resize/cine21/poster/2019/0718/10_59_12__5d2fd270e9193[X230,330].jpg",다이너,,,"범죄, 스릴러, 액션",줄거리가 없습니다.,,니나가와 미카,"후지와라 타츠야,카네코 노부아키",,
"http://image.cine21.com/resize/cine21/poster/2020/0121/11_21_28__5e266028dd2a6[X230,330].jpg",라스트 레터,,,멜로·로맨스,줄거리가 없습니다.,,이와이 슌지,"마츠 다카코,히로세 스즈,카미키 류노스케,안노 히데아키",,
"http://image.cine21.com/resize/cine21/poster/2020/0507/16_47_15__5eb3bd03f2337[X230,330].jpg",인간실격,,,"멜로·로맨스, 드라마","
					
									,
									술, 약물, 자살시도, 바람에도 아내 미치코는 다자이에게 잔소리조차 하지 않는다.,
다자이는 셋째를 임신한 미치코를 두고 다음 소설 집필에 영감을 받는다는 핑계로,
제자 시즈코와 연애를 즐기며 소설 ‘사양’을 출간한다.,
하지만 ‘사양’이 유행하자 다자이는 더 큰 걸작을 써야 한다는 압박에 시달린다.,
설상가상으로 시즈코가 임신을 하자 토미에와 도피하듯 사랑을 나누며 자유롭게 살아간다.,
방탕한 생활로 건강을 잃고 원하는 글을 쓸 수 없는 상황에서,
다자이는 결국 자신의 모든 것을 파괴하고 피를 토하듯 마지막 소설 ‘인간실격’ 집필에 들어가는데…				",,니나가와 미카,"오구리 슌,미야자와 리에,사와지리 에리카,니카이도 후미,나리타 료",,
"http://image.cine21.com/resize/cine21/poster/2014/0430/11_24_13__53605ecd7d3c8[X230,330].jpg",극장판 루팡 3세 VS 명탐정 코난,개봉일 : 2014-05-29,"누적관객 : 225,842명",애니메이션,"
					
									“콘서트를 중지하라. 그렇지 않으면 에밀리오의 목숨은 없다!”,
,
은행 금고에 보관되어 있는 희귀 보석 ‘체리 사파이어’를 훔치겠다는 예고장이 경찰에 도착한다. 예고장의 장본인 루팡 3세는 추격을 따돌리고 결국 체리사파이어를 손에 넣는데 성공한다. 한편, 세계적 팝스타에게 날아든 의문의 협박편지. 범인을 찾던 코난 일행은 우연히’베스파니아 왕국 사건’ 때 만났던 루팡 3세의 파트너 알마로스가 에밀리오의 보디가드인 것을 보고, 그들이 무언가를 꾸미고 있다는 걸 직감한다. 공연 당일. 코난과 홍장미는 정체를 알 수 없는 자들에게서 체리 사파이어를 둘러싼 무서운 거래가 이루어 진다는 정보를 입수하고, 마침내, 루팡 3세 일당과 조대포 경감, 그리고 경찰들까지 움직이기 시작하는데… ,
  ,
과연, 루팡 3세 일당의 진짜 목적은 무엇이며, 코난은 그 계획을 저지할 수 있을 것인가? 				","
							최고의 도둑 루팡 3세와 최고의 탐정 코난이 만났다. 루팡 3세가 공개적으로 핑크 사파이어를 훔친다는 소문이 퍼지고 이를 막기 위해 경찰들이 나서지만 루팡 3세를 막기에는 역부족이다. 결국 코난이 루팡 3세를 잡기 위해 나서면서 사건은 또 다른 국면으로 접어든다. 인기가수 에밀리오의 배후에 핑크 사파이어를 둘러싼 음모가 포착된 것이다. 과연 코난은 루팡 3세를 체포할...							",카메가키 하지메,"강수진,김선혜,강구한,김수중,김현심,이인성,이정구,이현진,쿠리타 칸이치,타카야마 미나미",5.00,9.00
"http://image.cine21.com/resize/cine21/poster/2008/1208/M0010008_[X230,330].jpg",탑 블레이드 더 무비,개봉일 : 2009-01-15,"누적관객 : 38,862명",애니메이션,"
					
									,
									,
세계 탑블레이드 선수권 대회에서 우승한 강민은 ,
시상식장에 갑자기 나타난 불 같은 성격의 블레이더 ‘태양’의 도전을 받고 대결을 펼친다.,
우열을 가릴 수 없는 강민과 태양의 대결. ,
경기 도중 ‘태양’의 탑블레이드에서 갑자기 비밀스러운 초록빛이 발사되고 ,
이 빛은 유적에 숨겨진 악의 기운을 깨우게 된다. ,
,
,
악의 기운을 조사하기 위해 작은 섬의 고대 유적지를 찾은 강민 일행. ,
그러나 갑자기 나타난 4인조 어둠의 블레이더로 인해 강민은 동굴 속에 갇히게 되고 ,
태양은 악의 힘에 이끌려 어둠의 블레이더들과 도시를 위협하기 시작하는데…,
,
, 				",,야스미 테츠오,"손정아,이미자",5.90,
"http://image.cine21.com/resize/cine21/poster/2019/0703/11_34_36__5d1c143c41993[X230,330].jpg",극장판 엉덩이 탐정: 화려한 사건 수첩,개봉일 : 2019-07-11,,애니메이션,"
					
									평화로운 오후의 찻집, 엉덩이 탐정과 조수 브라운이 티타임을 즐기고 있을 때, ,
큰 쇼핑백을 든 뿌우람 씨가 들어온다. ,
마을에 새롭게 오픈하는 카레 가게의 사장인 뿌우람 씨는 ,
카레 요리에 빠지면 안 되는 중요한 향신료 ‘알알살라’가 사라진 것을 알게 된다!,
“그게 없으면 카레를 만들 수 없어. 가게를 열 수 없어!” ,
충격으로 쓰러진 뿌우람 씨를 보고 엉덩이 탐정이 일어난다. ,
“저에게 맡겨 주십시오!”,
,
,				","
							아이큐 1104, 날카로운 눈빛, 뛰어난 관찰력에 매너까지 두루 갖춘 최고의 탐정. 셜록 홈스보다 예리한 탐정, 바로 엉덩이 탐정(김은아)이다. 견공 경찰들조차 “엉덩이 탐정에게 선수를 뺏기다니!” 할 정도로 의뢰를 맡은 사건을 발빠르게 해결한다. 영화는 총 두개의 에피소드로 이루어져 있는데, 첫 번째 에피소드는 조상님이 남기신 편지를 해독해 달라고 찾아온 수상한 보...							",히라야마 미호,"김은아,소연,홍진욱,남도형,이장원,배정미,사성웅,석승훈,김사라,이다슬",5.00,
"http://image.cine21.com/resize/cine21/poster/2019/0719/14_52_14__5d315a8eb420c[X230,330].jpg",봉오동 전투,개봉일 : 2019-08-07,,"액션, 드라마","
					
									,
									1919년 3.1운동 이후 봉오동 일대에서 독립군의 무장항쟁이 활발해진다.,
,
일본은 신식 무기로 무장한 월강추격대를 필두로 독립군 토벌 작전을 시작하고,,
독립군은 불리한 상황을 이겨내기 위해 봉오동 지형을 활용하기로 한다.,
,
항일대도를 휘두르는 비범한 칼솜씨의 해철(유해진)과 발 빠른 독립군 분대장 장하(류준열),
그리고 해철의 오른팔이자 날쌘 저격수 병구(조우진)는,
빗발치는 총탄과 포위망을 뚫고 죽음의 골짜기로 일본군을 유인한다.,
,
계곡과 능선을 넘나들며 귀신같은 움직임과 예측할 수 없는 지략을 펼치는 독립군의 활약에,
일본군은 당황하기 시작하는데...,
,
,				","
							1919년 3·1운동 이후 독립군의 무장항쟁이 활발해지자 일본은 정예병으로 구성된 월강추격대를 진군시켜 독립군 토벌 작전을 진행한다. 어릴 적 일본군에 동생을 잃고 독립군이 된 해철(유해진)은 마적 출신 저격수 병구(조우진) 등과 함께 독립자금을 운반하는 중이다. 한편 해철이 동생처럼 아끼는 독립군 분대장 장하(류준열)는 월강추격대를 봉오동 일대로 유인하는 작전을 ...							",원신연,"유해진,류준열,조우진,키타무라 카즈키,이케우치 히로유키,박지환,최유화,성유빈,이재인,다이고 코타로",5.17,6.75
"http://image.cine21.com/resize/cine21/poster/2013/0128/09_46_00__5105ca4889ca1[X230,330].jpg",베를린,개봉일 : 2013-01-29,"누적관객 : 7,166,199명","액션, 드라마","
					
									,
									거대한 국제적 음모가 숨겨진 운명의 도시 베를린.,
그 곳에 상주하는 국정원 요원 정진수는 불법무기거래장소를 감찰하던 중 국적불명, 지문마저 감지되지 않는 일명 ‘고스트’ 비밀요원 표종성의 존재를 알게 된다. 그의 정체를 밝혀내기 위해 뒤를 쫓던 정진수는 그 배후에 숨겨진 엄청난 국제적 음모를 알게 되면서 걷잡을 수 없는 위기에 빠진다.,
한편 표종성을 제거하고 베를린을 장악하기 위해 파견된 동명수는 그의 아내 연정희를 반역자로 몰아가며 이를 빌미로 숨통을 조이고, 표종성의 모든 것에 위협을 가한다. 표종성은 동명수의 협박 속에서 연정희의 무죄를 증명하기 위해서 그녀를 미행하게 되지만, 예상치 못한 아내의 비밀을 알게 되면서 혼란에 휩싸이게 되는데...,
,
국제적 음모와 각자의 목적에 휘말려 서로를 쫓는 이들의 숨막히는 추격전! ,
2013년, 초대형 액션 프로젝트가 펼쳐진다! 				","
							북한의 비밀 감찰요원 표종성(하정우)은 러시아, 중동의 무장세력과 무기밀매 거래를 벌이던 중 이스라엘 첩보기관 모사드의 습격을 받는다. 남한 국정원 요원인 정진수(한석규)는 이들의 거래 현장을 덮치려다 실패하고 이로 인해 상부로부터 책임을 추궁당한다. 표종성과 함께 무기밀매 사업을 벌이던 주독 북한 대사 리학수(이경영)는 평양에서 새로운 감찰요원 동명수(류승범)가 베를...							",류승완,"하정우,한석규,류승범,전지현,이경영,존 키오,누만 아카르,파스칼 앨리어디,최무성,곽도원",8.00,7.65
"http://image.cine21.com/resize/cine21/poster/2020/0327/16_37_25__5e7dad3549311[X230,330].jpg",마약기생충,개봉일 : 2020-04-16,,"액션, 스릴러","
					
									,
									캐나다 벤쿠버에서 대기업을 운영하고 있는 ‘회장’은 남미에서 제조한 마약을 밀반입해 불법으로 유통시켜,
짭짤한 부수입을 올리고 있다. 어느 날, 1Kg 당 20g의 마약이 사라지고 있다는 사실을 확인한 그는,
오랫동안 자신의 밑에서 마약유통을 책임져 온 ‘요리사’에게 유통경로의 문제점을 파악하라고 지시한다.,
이에 ‘요리사’는 이를 확인하기 위해 콜롬비아로 향하는데...				",,제이슨 카벨,"니콜라스 케이지,로렌스 피시번,나탈리아 레이즈",2.00,
"http://image.cine21.com/resize/cine21/poster/2019/1030/11_47_36__5db8f9c85fb7a[X230,330].jpg",캔 유 킵 어 시크릿?,개봉일 : 2019-11-07,,"코미디, 멜로·로맨스","
					
									출장을 갔다가 최악의 하루(?)를 보낸 사회 초년생 직딩 ‘엠마’는,
돌아오는 비행기에서 옆자리에 앉은 남자에게 자신의 모든 비밀을 털어놓는다.,
비행 공포증 때문에 목숨의 위협을 느끼고 취중에 비밀 고백을 한 것!,
다시 일상으로 컴백한 ‘엠마’, 하지만 다시는 안 만날 사람이라 생각했던,
‘그’가 그녀의 앞에 나타나는데… 그것도 회사에서!?				","
							사회 초년생 엠마(알렉산드라 다드다리오)는 첫 출장에서 큰 실수를 저지른다. 좋은 성과를 거둬 승진하려던 엠마는 낙심하고, 설상가상으로 돌아오는 비행기에서 난기류를 만나 극심한 공포를 느낀다. 그는 이대로 죽기엔 억울하다 싶어 옆자리 승객에게 모든 비밀을 털어놓는다. 다행히 비행기는 무사히 도착하고 엠마도 평범한 일상으로 돌아간다. 그러나 다시 볼 일 없을 줄 알았던...							",엘리스 듀란,"알렉산드라 다다리오,타일러 후츨린,레버른 콕스,키미코 글렌",3.50,10.00
"http://image.cine21.com/resize/cine21/poster/2018/0619/13_49_06__5b288b42f1c1c[X230,330].jpg",태그,,,코미디,줄거리가 없습니다.,,제프 톰식,"존 햄,애나벨 월리스,제레미 레너,아일라 피셔,레슬리 빕,라시다 존스,제이크 존슨,에드 헬름스",,
"http://image.cine21.com/resize/cine21/poster/2019/0117/16_39_14__5c40312252e71[X230,330].jpg",그린 북,개봉일 : 2019-01-09,,드라마,"
					
									,
									1962년 미국, 입담과 주먹만 믿고 살아가던 토니 발레롱가(비고 모텐슨)는 교양과 우아함 그 자체인 천재 피아니스트 돈 셜리(마허샬라 알리) 박사의 운전기사 면접을 보게 된다.,
백악관에도 초청되는 등 미국 전역에서 콘서트 요청을 받으며 명성을 떨치고 있는 돈 셜리는 위험하기로 소문난 미국 남부 투어 공연을 떠나기로 결심하고, 투어 기간 동안 자신의 보디가드 겸 운전기사로 토니를 고용한다.,
거친 인생을 살아온 토니 발레롱가와 교양과 기품을 지키며 살아온 돈 셜리 박사. 생각, 행동, 말투, 취향까지 달라도 너무 다른 두 사람은 그들을 위한 여행안내서 ‘그린북’에 의존해 특별한 남부 투어를 시작하는데…  				","
							뉴욕 브롱스에 사는 토니 발레롱가(비고 모르텐슨)는 나이트클럽 경호원으로 일하며 문제가 생기면 주먹으로 해결하는 남자다. 일거리를 찾던 중 세계적인 흑인 피아니스트 돈 셜리(마허샬라 알리)의 운전사로 취직한다. 인종분리정책과 짐 크로 법이 존재하던 1960년대 미국을 배경으로 계급과 신분이 완전히 다른 두 사람은 콘서트 투어를 위해 맨해튼에서 출발해 미국 남부로 길고...							",피터 패럴리,"비고 모텐슨,마허샬라 알리,린다 카델리니,P.J. 번,브라이언 스테파넥",7.20,8.67
"http://image.cine21.com/resize/cine21/poster/2017/0504/10_20_42__590a81ea512ed[X230,330].jpg",하우 투 비 어 라틴 러버,,,코미디,줄거리가 없습니다.,,켄 마리노,"유제니오 데베즈,셀마 헤이엑,로브 로우,크리스틴 벨,라켈 웰치,롭 코드리,롭 리글,마이클 세라,맥케나 그레이스,롭 휴벨",,
"http://image.cine21.com/resize/cine21/poster/2018/1218/11_34_57__5c185cd11baee[X230,330].jpg",범블비,개봉일 : 2018-12-25,,상영시간 : 114분,"
					
									,
									지속된 디셉티콘과의 전쟁에서 위기에 몰린 옵티머스 프라임은 중요한 임무를 가진 오토봇을 지구로 보낸다.,
지구에 도착한 오토봇은 인간들에게 쫓기게 되고, 낡은 비틀로 변신해 폐차장에 은둔하던 중, 찰리라는 소녀에 의해 발견된다. ,
,
비틀을 수리하던 찰리는 자신의 낡은 자동차가 거대한 로봇으로 변신하는 놀라운 광경을 목격하고, 모든 기억이 사라진 그에게 ‘범블비’라는 이름을 지어주며 서로에게 특별한 존재가 되어간다.  ,
,
하지만, 범블비의 정체를 파헤치려는 인간들과 그가 가진 비밀을 쫓는 디셉티콘의 추격과 압박은 점점 더 심해지는데…				","
							사이버트론 행성에서 벌어진 디셉티콘과의 전쟁에서 밀리던 오토봇 저항군의 수장 옵티머스 프라임은 오토봇 B-127에 지구에 피난처를 마련해 동료들이 올 때까지 기다릴 것을 명한다. 인간 군대, 그리고 지구로 파견된 두 디셉티콘에게 쫓기는 신세가 된 B-127은 코어 기억장치가 파손되고, 폴크스바겐 비틀로 변신해 폐차장에 숨는다. 한편 자동차 수리에 재능이 있는 찰리(헤...							",트래비스 나이트,"헤일리 스타인펠드,존 시나,파멜라 애들론,피터 컬렌,바네사 로스,케네스 최,존 오티즈,조지 렌드보그 주니어",6.83,7.43
"http://image.cine21.com/resize/cine21/poster/2012/1016/09_43_34__507cadb648645[X230,330].jpg",가디언즈,개봉일 : 2012-11-29,"누적관객 : 1,075,584명",상영시간 : 97분,"
					
									,
									크리스마스 이브 착한 아이들에게 선물을 가져다 주는 산타클로스 ‘놀스’,
부활절이면 색색깔의 달걀을 곳곳에 숨겨놓는 부활절 토끼 ‘버니’,
밤 사이 빠진 이를 가져가는 대신 동전을 남겨두는 이빨요정 ‘투스’,
그리고 동화 같은 환상적인 꿈을 선사하는 잠의 요정 ‘샌드맨’,
 ,
전세계 모든 아이들의 꿈과 희망, 상상력을 지켜주는 이들은 ‘가디언즈’라 불린다.,
 ,
하지만 두려움을 심어주는 악몽의 신 ‘피치’가 깨어나자,
이들은 모든 것을 잃을 최대의 위기를 맞게 된다.,
 ,
그리고 그에 맞서기 위한 새로운 가디언으로,
무엇이든 얼리고 눈을 내리는 능력을 지닌 ‘잭 프로스트’가 선택되고,,
 ,
놀스, 버니, 투스, 샌드맨, 그리고 잭 프로스트,
다섯 명의 가디언즈는,
막강한 힘으로 전세계를 지배하려는 ‘피치’에 맞서 최후의 대결에 나서는데…!,
 ,
꿈의 수호신 ‘가디언즈’ VS 악몽의 신 ‘피치’,
꿈을 둘러싼 거대한 전쟁이 펼쳐진다 				","
							<슈렉> <드래곤 길들이기>의 히트작을 배출한 드림웍스의 신작 <가디언즈>는 연말 분위기에 제격인 가족용 판타지애니메이션이다. 이번 작품에서 드림웍스의 제작진은 설화를 통해 익숙한 캐릭터를 끌어모았다. 애니메이션판 <어벤져스>를 노린다고 해도 과언이 아닐 정도로 캐릭터가 주는 친근함이 강점이다. 연출은 <패닉 룸> ...							",피터 램지,"이제훈,류승룡,이종혁,한혜진,유해진,크리스 파인,알렉 볼드윈,휴 잭맨,아일라 피셔,주드 로",6.33,7.94
"http://image.cine21.com/resize/cine21/poster/2018/0605/09_47_48__5b15ddb4ebc36[X230,330].jpg",개들의 섬,개봉일 : 2018-06-21,,상영시간 : 101분,"
					
									,
									인류를 위협하는 개 독감이 퍼지자, 세상의 모든 개들은 쓰레기 섬으로 추방되고, 자신이 사랑하던 개를 잃은 소년은 개를 찾아 홀로 섬으로 떠난다.,
,
소년은 그 곳에서 다섯 마리의 특별한 개들을 만나게 되고, 함께 사라진 개를 찾아가는 그들 앞에 기상천외한 모험이 펼쳐지는데…,
,
개를 사랑한 소년,,
소년을 사랑한 개				","
							웨스 앤더슨 감독의 9번째 영화 <개들의 섬>은 그의 장기인 아름답고 양식적인 형식 미학을 극단적으로 밀어붙여 완성시킨 환상적인 모험담이다. 이번 영화는 <판타스틱 Mr. 폭스> 이후 두 번째 스톱모션 애니메이션 작품으로, 가상의 미래 국가 일본이 주요 배경이다. 어느 날 일본 전역에 강아지독감이 퍼지자, 메가사키시의 고바야시 시장은 개들을 쓰레...							",웨스 앤더슨,"브라이언 크랜스톤,스칼렛 요한슨,틸다 스윈튼,빌 머레이,에드워드 노튼,그레타 거윅,리브 슈라이버,프랜시스 맥도먼드,코유 랜킨,쿠니치 노무라",7.50,7.14
"http://image.cine21.com/resize/cine21/poster/2005/0509/M0010044_[X230,330].jpg",비는 사랑을 타고,개봉일 : 1994-12-03,,멜로·로맨스,"
					
									부유한 집안의 3대 독자 왕범수. 홀어머니 밑에서 야무지게 성장한 팽영미. 서로 다른 환경에서 자라 전혀 어울릴 것 같지 않은 두 사람이 사랑 하나만을 믿고 과감히 결혼에 돌입한다. 아직 부부라고 하기엔 어리고 철없는 범수와 영미. 사랑이 주는 환상만 가지고 있던 이들에게 현실을 만만치가 않다. 학교생활과 결혼생활을 병행하면서 생기는 사소한 문제와 성격마찰, 경제적인 자립, 심지어는 부부간의 잠자리까지 서로의 누적된 갈등이 표출된다. 그러나 점차 자립심이 없던 범수는 아르바이트를 하면서 가장으로서 책임감을 가진 한 남자로 우뚝 서게 되고, 영미 또한 그를 진정한 남편으로 이해하고 사랑하는 아내로서의 모습으로 변모해 간다. 범수와 영미의 신혼생활이 한창 자리를 잡아가고 있을 때 엉뚱한 사건이 벌어진다. 결혼 3 개월이 되도록 아기가 생기지 않자 병원을 찾은 범수는 성불구자라는 선고를 받게 된다. 가족 모두에게 숨기고 혼자 고민하던 범수, 드디어 식구 들에게 사실을 발표하려는 순간 더 괴이한 일이 벌어진다. 영미가 임신했다는 것이다 				",,조금환,"김호진,신은경,공형진,윤일봉,홍성민,선우용녀,한상미,이상은,김인문,안진수",5.00,
"http://image.cine21.com/resize/cine21/poster/2020/0506/14_53_57__5eb250f53d113[X230,330].jpg",범털,개봉일 : 2020-05-14,"누적관객 : 1,622명","범죄, 드라마","
					
									,
									우발적 폭력 사건에 휘말려 억울하게 수감된 ‘만희’는,
교도소의 ‘범털’이 기거하는 폭력방에 입소되어,,
왈왈이, 사형수, 벌구, 꼬마, 개털과 함께 한솥밥을 먹게 된다.,
,
한편, 반대파 두목 ‘태수’가 같은 사동으로 입소하게 되면서,,
범털에게 불만을 품은 무리들이 하나 둘 모여들고,
,
폭력방 일원은 절체절명의 위기를 맞이하게 되는데……				","
							억울하게 수감된 만희(이시후)는 조폭 출신 범털(이설구)이 권력을 잡고 있는 방에서 각기 다른 죄목과 개성의 재소자들과 생활하게 된다. 만희와 같은 날 입소한 반대파 두목 태수(유상재)가 범털 방 사람들과 대립각을 세우면서 교도소 내부에도 긴장감이 감돈다. 중심 사건은 늘어지고 메시지는 어색하다. 불쾌하다 못해 난잡한 성적 묘사, 범죄를 가벼이 여기는 태도, 이 둘을...							",강태호,"이설구,유상재,이현웅,강인성,이시후,조명연,문용일,이풍운",3.00,
"http://image.cine21.com/resize/cine21/poster/2020/0414/10_40_22__5e951486cd24a[X230,330].jpg",대전 블루스,개봉일 : 2020-04-23,누적관객 : 77명,드라마,"
					
									정신과 박사 강수연은 죽음을 앞둔 환자들이 있는 호스피스 병동에서 근무하고 있다,
​,
47세의 간암 말기 환자 철구와 그를 보살피는 아들 기현,,
죽음보다 외로움을 더 두려워하는 전직 대형교회 목사 민두홍,,
통제 불가능한 18세 피부암 소녀 지인의 곁을 지키며 정성껏 돌보던 어느 날,,
​,
강 박사는 죽음이 두렵다고 울부짖는 지인을 데리고 몰래 병원을 나간다,
도시의 화려한 네온사인 아래 두 사람은 짜릿한 쾌감에 젖어 밤거리를 누비는데...				","
							호스피스 병동에서 일하는 정신과 전문의 강수연 박사(반민정)는 병동의 환자들을 세심하게 돌본다. 대형교회의 목사였으나 현재는 가족도 친구도 없이 쓸쓸하게 죽음을 기다리는 말기 대장암 환자 민두홍(이종국), 부모에게 깊은 상처를 입은 18살의 피부암 환자 서지인(이경민), 말기 간암 환자인 아버지 장철구(최용진)를 마음껏 미워하지도 못하고 선뜻 용서하지도 못하는 소년 ...							",박철웅,"반민정,이지현,현석,이종국,최용진,이경민,안도규,현서영,김영희,허인영",3.00,
"http://image.cine21.com/resize/cine21/poster/2016/0107/13_51_09__568deebdbfcfc[X230,330].jpg",파리의 한국남자,개봉일 : 2016-01-28,"누적관객 : 2,719명",드라마,"
					
									,
,
생애 가장 행복했던 순간 모든 것을 잃은 남자 '상호',,
신혼여행지에서 갑자기 사라진 아내 '연화'를 찾아 매일 밤 뒷골목을 헤매며,
지금껏 보지 못한 살아있는 파리의 얼굴을 마주하게 된다.  ,
,
의심과 불안, 실낱 같은 믿음과 희망 속 2년의 시간이 흐른 어느 날. ,
‘상호’는 밤 거리에서 우연히 만난 여자 ‘창’과 서로의 아픔을 공유하며,
아내가 사라진 후 처음으로 욕망을 느낀다.,
,
하지만 그토록 찾고 싶었던, ‘연화’로 추정되는 이를 알고 있다는 매춘부가 나타나는데…,
,
, 				","
							상호(조재현)는 아내 연화(팽지인)와 신혼여행지 파리에서 즐거운 시간을 보낸다. 더없이 행복한 순간, 상호가 잠시 자리를 비운 사이에 연화가 돌연 사라진다. 아내가 인신매매당했다고 생각한 상호는 매춘부 거리에서 그녀의 행방을 수소문한다. 2년이 지나 노숙자로 사는 그는 정처 없이 파리를 떠돌아다니고, 어느 날 밤거리에서 창(미콴락)을 만나, 아내를 잃은 뒤 처음으로 ...							",전수일,"조재현,팽지인,미콴락",5.00,
"http://image.cine21.com/resize/cine21/poster/2020/0214/14_45_58__5e46341621192[X230,330].jpg",찬실이는 복도 많지,개봉일 : 2020-03-05,"누적관객 : 26,155명","판타지, 멜로·로맨스, 드라마","
					
									,
									집도 없고, 남자도 없고, 갑자기 일마저 똑 끊겨버린 영화 프로듀서 ‘찬실’.,
현생은 망했다 싶지만, 친한 배우 ‘소피’네 가사도우미로 취직해 살길을 도모한다.,
그런데 ‘소피’의 불어 선생님 ‘영’이 누나 마음을 설레게 하더니,
장국영이라 우기는 비밀스런 남자까지 등장!,
새로 이사간 집주인 할머니도 정이 넘쳐 흐른다.,
평생 일복만 터져왔는데, 영화를 그만두니 전에 없던 ‘복’도 들어오는 걸까?				","
							영화 프로듀서로 일하던 찬실(강말금)은 함께 작업하던 감독의 갑작스러운 죽음 이후로 실업자 신세가 된다. 친한 후배 소피(윤승아)는 찬실에게 금전적인 도움을 주겠다고 말하지만, 찬실은 “일해서 벌어야 한다”며 그의 가정부로 일하기를 자처한다. 그러던 찬실은 소피의 프랑스어 선생님 김영(배유람)을 만나게 되는데, 그가 현재 시나리오를 쓰는 단편영화 감독이라는 것을 알게...							",김초희,"강말금,윤여정,김영민,윤승아,배유람",7.00,
"http://image.cine21.com/resize/cine21/poster/2008/0922/M0010005__33[X230,330].jpg",가벼운 잠,개봉일 : 2008-10-23,누적관객 : 149명,드라마,"
					
									,
									,
,
16살 열린이는 잠이 오지 않아 가끔 약을 먹는다. 피곤한데도 잠은 오지 않는다. 아마 2년전 부모님을 교통사고로 한꺼번에 잃고 의대 실험용으로 넘겨진 엄마의 시신을 찾고 하나뿐인 동생을 위해 원조교제를 시작한 그 때부터일꺼다. 얼마전 멋진 남자 친구가 생겼다. 평범한 데이트도 했다. 모든 게 일상적이고 평범해 보인다. 그렇지만 그 뒤엔 16살 소녀가 감당하기엔 너무나 벅찬 현실이 늘 존재할 뿐... 여전히 열린이는 잠을 잘수가 없다. 				","
							단편이었더라면 지수 ★★★★어색한 연기 지수 ★★★베스트극장 지수 ★★★1999년 서울 동작구 흑석동에서 발생한 한 소녀가장의 자살사건을 모티브로 한 영화는 세상의 무관심에 의해 버려진 한 소녀의 삶을 따라간다. 16살 열린(최아진)은 교통사고로 부모님을 한꺼번에 잃고, 여동생 다린(류현빈)과 함께 살아간다. 부모님을 여읜 뒤, 약을 먹지 않고는 잠을 잘 수...							",임성찬,"최아진,윤찬,방은진,송채환,정인기,류현빈",3.00,6.71
"http://image.cine21.com/resize/cine21/poster/2017/0801/10_20_29__597fd75d23d35[X230,330].jpg",로마의 휴일,개봉일 : 2017-08-30,,코미디,"
					
									,
									돈은 없지만 깡다구가 있고, 희망은 없지만 우정은 가득한 세 남자, 진지한 놈 '인한'(임창정), 신난 놈 '기주'(공형진), 순수한 놈 '두만'(정상훈)은 실패해 죽더라도, 원 없이 돈을 써보겠다는 일념으로 현금수송 차량을 탈취하는 계획을 세우고 성공한다!,
,
하지만 돈 냄새도 잠시, 경찰에 쫓겨 '로마의 휴일' 나이트클럽에 숨게 되고, 이상하게 흥이 오르는 상상 불허의 분위기 속에서 경찰과 인질범들 사이의 기묘한 인질극이 벌어진다.,
,
과연 이들은 돈을 지키고 인생 역전을 할 수 있을 것인가?				","
							오락영화의 신구 세대가 뭉쳤단 사실만으로 기대를 모은다. 그러나 영화는 웃음, 감동, 재미 중에 어떤 것도 제대로 챙기지 못한다. 첫째로는 말초적인 자극 이상의 코미디가 없기 때문이고, 둘째로는 캐릭터에 설득력이 부족하기 때문이다. ‘로마의 휴일’은 은행 현금 수송 차량을 턴 세 주인공이 경찰을 피하기 위해 숨어드는 나이트클럽의 이름이다. 일찌감치 클럽 내부로 공간을...							",이덕희,"임창정,정상훈,공형진,강신일,김정팔,미스터 팡,손민석,서은아,한소영,장동직",3.00,4.50
"http://image.cine21.com/resize/cine21/poster/2019/0903/15_52_56__5d6e0dc846590[X230,330].jpg",메기,개봉일 : 2019-09-26,,"코미디, 미스터리, 드라마","
					
									,
									이 곳은 마리아 사랑병원. 오늘은 민망한 엑스레이 사진 한 장으로 병원이 발칵 뒤집혔어요!,
세상에! 저를 가장 좋아하는 간호사 윤영 씨는 소문의 주인공이 자신과 남자친구일지도 모른다고 의심하고 있어요,
,
과연 윤영 씨는 이 의심의 구덩이에서 빠져나올 수 있을까요?,
,
,				","
							이곳은 출처불명의 ‘SEX-ray’로 발칵 뒤집힌 마리아 사랑병원. 누군가 엑스레이실에서 섹스하는 남녀를 도촬했고, 남녀의 성기 엑스레이는 그렇게 병원에 파란을 일으킨다. 온갖 추측과 호기심이 난무하는 가운데, 막상 피해를 본 건 병원 간호사 여윤영(이주영)이다. 사람들은 ‘찍힌’ 것이 그녀라고 믿었고, 병원 부원장 이경진(문소리)은 그 추측만으로 그녀에게 퇴사를 권...							",이옥섭,"이주영,문소리,구교환,천우희,박경혜,권해효,김꽃비,오희준,동방우",6.75,10.00
"http://image.cine21.com/resize/cine21/poster/2020/0507/11_32_52__5eb373549a861[X230,330].jpg",엘라 벨라 빙고: 친구 찾기 대작전,개봉일 : 2020-06,,애니메이션,"
					
									,
									햇살 정원 마을의 골목대장 ‘엘라’는 친구 ‘헨리’와 ,
마을 축제에 선보일 마술 공연 준비에 한창이다.,
 ,
하지만, 도시에서 온 ‘조니’가 폭풍 친화력을 시전!,
‘헨리’의 마음을 사로잡으며 자전거 공연을 제안한다.,
 ,
절친 ‘헨리’를 차지한 ‘조니’에게 묘한 질투심이 불타오르는 ‘엘라’!,
과연 ‘엘라’는 진짜 우정을 찾고 친구를 지킬 수 있을까..?				",,"아틀 솔버그 블락세트,프랭크 모스볼드","이지예,채지희,홍주성,석승훈,박상우",,
"http://image.cine21.com/resize/cine21/poster/2020/0212/18_24_49__5e43c461f0593[X230,330].jpg",국제수사,,,"액션, 범죄, 드라마","
					
									,
									필리핀으로 인생 첫 해외여행을 떠난 대천경찰서 강력반 ‘홍병수’(곽도원) 경장.,
,
여행의 단꿈도 잠시, ‘병수’는 범죄 조직의 킬러 ‘패트릭’(김희원)의 작전에 휘말려 살인 용의자가 되고,,
누명을 벗기 위해 현지 가이드이자 고향 후배 ‘만철’(김대명)과 함께 수사에 나선다.,
,
하지만, 형사 본능이 끓어오르는 마음과는 달리 ’병수’의 몸과 영어는 따라주지 않고,,
필리핀에서 재회한 웬수 같은 죽마고우 ‘용배’(김상호)가 끼어드는 바람에,
수사는 자꾸 의도치 않은 방향으로 흘러가는데…,
,
촌구석 형사 ‘병수’는 과연 무사히 한국에 돌아갈 수 있을까?,
,
“나 코리안 폴리스여!”,
동네급 형사의 국제급 수사가 시작된다!				",,김봉한,"곽도원,김대명,김희원,김상호,이유진,손현주,조재윤",,
"http://image.cine21.com/resize/cine21/poster/2019/0502/11_16_56__5cca5318442ff[X230,330].jpg",펭귄스,,,다큐멘터리,줄거리가 없습니다.,,"알래스테어 포더길,제프 윌슨",에드 헬름스,,
"http://image.cine21.com/resize/cine21/poster/2015/0217/11_24_22__54e2a656d9dd8[X230,330].jpg",머리에 꿀,,,드라마,"
					
									 				",,틸 슈바이거,"틸 슈바이거,다르 살림,파스칼 앨리어디",,
"http://image.cine21.com/resize/cine21/poster/2019/0320/17_45_45__5c91fdb93227b[X230,330].jpg",뜨거운 피,,,,"
					
									부산의 변두리 ‘구암’에서 나고 자란 한 남자가 생존을 위해 조직간의 치열한 전쟁에 휘말리게 되는 정통 느와르				",,천명관,"정우,김갑수,최무성",,
"http://image.cine21.com/resize/cine21/poster/2015/0713/16_22_46__55a36746b87c9[X230,330].png",암살,개봉일 : 2015-07-22,누적관객 : 83명,"액션, 드라마","
					
									1933년 조국이 사라진 시대,
대한민국 임시정부는 일본 측에 노출되지 않은 세 명을 암살작전에 지목한다.,
한국 독립군 저격수 안옥윤, 신흥무관학교 출신 속사포, 폭탄 전문가 황덕삼!,
김구의 두터운 신임을 받는 임시정부 경무국 대장 염석진은 이들을 찾아 나서기 시작한다.,
암살단의 타깃은 조선주둔군 사령관 카와구치 마모루와 친일파 강인국.,
한편, 누군가에게 거액의 의뢰를 받은 청부살인업자 하와이 피스톨이 암살단의 뒤를 쫓는데...,
친일파 암살작전을 둘러싼 이들의 예측할 수 없는 운명이 펼쳐진다!,
 				",,최동훈,"전지현,이정재,하정우,오달수,조진웅,이경영,최덕문,김의성,박병은,조승우",6.25,7.57
"http://image.cine21.com/resize/cine21/poster/2019/0524/11_21_29__5ce7552992bad[X230,330].jpg",알라딘,개봉일 : 2019-05-23,,상영시간 : 128분,"
					
									머나먼 사막 속 신비의 아그라바 왕국의 시대.,
좀도둑 ‘알라딘’은 마법사 ‘자파’의 의뢰로 마법 램프를 찾아 나섰다가,
주인에게 세 가지 소원을 들어주는 지니를 만나게 되고,,
자스민 공주의 마음을 얻으려다 생각도 못했던 모험에 휘말리게 되는데…				","
							알라딘(메나 마수드)은 전광석화 같은 손놀림과 타고난 삼십육계 줄행랑을 고루 갖춘 아그라바 왕국의 좀도둑이다. 잔머리가 비상한 원숭이 친구 아부를 대동한 채 굶주림에 고통받는 아이들을 못 본 척하지 않는 게 그의 인간적인 매력이라 하겠다. 어느 날 아그라바 왕국을 다스리는 술탄이 애지중지하는 딸 자스민 공주(나오미 스콧)가 백성들을 살피기 위해 성 밖으로 나왔다가 빵...							",가이 리치,"메나 마수드,윌 스미스,나오미 스콧,앨런 투딕,마르완 켄자리,나심 페드라드,나비드 네가반,빌리 매그너슨,누만 아카르",5.80,8.43
"http://image.cine21.com/resize/cine21/poster/2019/1231/10_36_15__5e0aa60fb4697[X230,330].jpg",천문: 하늘에 묻는다,개봉일 : 2019-12-26,,드라마,"
					
									역사상 가장 위대한 왕 세종,
관노로 태어나 종3품 대호군이 된 천재 과학자 장영실,
,
20년간 꿈을 함께하며 위대한 업적을 이뤄낸 두 사람이었지만,
임금이 타는 가마 안여(安與)가 부서지는 사건으로,
세종은 장영실을 문책하며 하루아침에 궁 밖으로 내치고,
그 이후 장영실은 자취를 감추는데...,
,
,				","
							세종 24년인 1442년. 세종(한석규)이 타고 가던 가마 안여가 부서지는 사고가 발생한다. 다시 사고 발생 4일 전. 명나라 사신은 황제의 칙서를 들고 조선을 방문한다. 명의 사신은 조선이 천문 연구를 통해 독자적 시간을 가지는 것을 우려하며 천문 의기들을 폐기하고 이를 발명한 장영실(최민식)을 압송하려 한다. 세종은 세종대로 시름이 깊고, 장영실은 함께 하늘을 올...							",허진호,"최민식,한석규,신구,김홍파,허준호,김태우,김원해,임원희,오광록,박성훈",6.83,9.00
"http://image.cine21.com/resize/cine21/poster/2019/1219/17_12_38__5dfb30f6ee2f9[X230,330].jpg",백두산,개봉일 : 2019-12-19,,"액션, 드라마","
					
									대한민국 관측 역사상 최대 규모의 백두산 폭발 발생.,
갑작스러운 재난에 한반도는 순식간에 아비규환이 되고,,
남과 북 모두를 집어삼킬 추가 폭발이 예측된다.,
,
사상 초유의 재난을 막기 위해 ‘전유경’(전혜진)은,
백두산 폭발을 연구해 온 지질학 교수 ‘강봉래’(마동석)의 이론에 따른 작전을 계획하고,,
전역을 앞둔 특전사 EOD 대위 ‘조인창’(하정우)이 남과 북의 운명이 걸린 비밀 작전에 투입된다.,
작전의 키를 쥔 북한 무력부 소속 일급 자원 ‘리준평’(이병헌)과 접선에 성공한 ‘인창’.,
하지만 ‘준평’은 속을 알 수 없는 행동으로 ‘인창’을 곤란하게 만든다.,
한편, ‘인창’이 북한에서 펼쳐지는 작전에 투입된 사실도 모른 채,
서울에 홀로 남은 ‘최지영’(배수지)은 재난에 맞서 살아남기 위해 고군분투하고,
그 사이, 백두산 마지막 폭발까지의 시간은 점점 가까워 가는데…!				",,"이해준,김병서","이병헌,하정우,마동석,전혜진,배수지,이상원,옥자연,한수현,강신철,이경영",5.75,5.22
"http://image.cine21.com/resize/cine21/poster/2019/0813/17_38_03__5d5276ebeb743[X230,330].jpg",환승,,,드라마,"
					
									성민은 오늘 애인과 헤어지려고 한다. 선뜻 헤어지자는 소리를 하지 못하고 시간을 끌다 도망치는데, 과연 성민은 '애인 갈아타기'에 성공 할 수 있을까?				",,최영준,"최태주,홍성민",,
"http://image.cine21.com/resize/cine21/poster/2011/1216/M0010009_large[X230,330].jpg",핵분열가족,,,범죄,"
					
									평화롭던 한 가정에 핵 미사일이 날아들면서 벌어지는 일을 다룬 블랙 코미디. 2005년 미장센단편영화제 관객상, 2005년 리얼판타스틱영화제 심사위원특별상과 관객상 등을 수상했다. 				",,"박수영,박재영","이현정,안진수",6.50,
"http://image.cine21.com/resize//noimg[X230,330].jpg",담다디,개봉일 : 1989-02-25,,드라마,"
					
									교통사고로 나두수는 고3에 유급하고 대학생이 된 미라는 원석을 만난다. 하지만 두수에게 이상은이 나타나 이따금 음악의 정기를 준다. 하지만 두수는 미라의 꽁무니만 따라 다니고 원석과 미라는 더욱 가까와진다. 친구들이 바로 잡아보려고 노력하지만 허사일 뿐.,
,
두수는 미라와의 사랑의 아픔을 작곡하고 이상은 역시 자기와 똑같이 생긴 음악의 요정에게 텔레파시를 받아 두수가 작곡한 담다디로 스타가 된다. 스타가 된 두수를 친구 민규식이 호되게 혼내고 두수는 대입고시에 열중하여 대학에 입학하게 된다. 				",,김응천,"이상은,민규,최재성,김명신,전세영,원준,박혜숙,윤일주",,
"http://image.cine21.com/resize/cine21/poster/2005/0526/M0010092_[X230,330].jpg",환희,개봉일 : 1996-08-10,,드라마,"
					
									지혜는 부모의 이름 석자도 모르는 천지의 고아로 어찌하여 노인에게 몸을 의지하고 산다. 지혜가 어려서는 노인의 길잡이를 하지만 몸이 점차 성숙해지면서 노인집의 안살림도 맡게 된다. 정 순사를 비롯해 동네 남정네들은 그녀의 아름다움에 반해 군침을 흘리지만 누구 하나 뜻을 이루지는 못한다. ,
,
어느날 지혜는 물고기를 훔치다가 수돌에게 들키고, 이것을 기회로 둘은 서로를 사랑하는 사이가 된다. 이때 독립군이 일본 경찰에 잡히는 사건이 발생한다. 그 독립군을 고문하던 중 그들을 뒷바라지한 사람이 노인이었다는 사실이 밝혀지자 곧 체포령이 떨어지고, 지혜는 노인과 같이 붙들려 가게 된다.   				",,엄종선,"윤일봉,도지혜,정동일,김경응,민복기,주호성",,
"http://image.cine21.com/resize/cine21/poster/2019/0902/15_32_27__5d6cb77b1f1b4[X230,330].jpg",미친사랑,,,"드라마, 판타지","
					
									과거 북파 공작원으로 활동했던 남자(두식)는 고향(남한)으로도 돌아가지 못한 채 수십년간 북에 숨어살게 된다. 그러다 시간이 흘러 이제는 노인이 되어버린 그가 딸(명애)의 손에 이끌려 탈북해 고향으로 돌아오게 되는데, 그 후 어느날 부터인가 두식 앞에 젊은 시절 모습을 한 죽은 아내가 보이기 시작한다. ,
새벽녘이면 두식 앞에 모습을 드러내는 아내. 두식은 그것이 아내의 혼령인지 자신의 환각인지 알 수 없지만 그립던 아내의 모습을 다시 마주 할 수 있는 것만으로도 그는 행복하다. ,
그러나 아내와의 만남이 계속 될수록 두식은 서서히잊어버리고 싶었던 과거의 기억까지 떠올리게 되고…  그는 과연 돌아오지 말아야 했던 것일까? ,
  ,
지난날 남에서 북으로 보내져 공작원으로 활동했던 두식과 그의 동료들은 북한장교와 그 가족들의 망명을 도우라는 상부의 지시를 받는다.,
그러나 알수 없는 이유로 작전은 실패하고 두식은 자신의 신분과 임무도 버린채 되돌릴수 없는 치명적인 선택을 하게된다.,
결국 누구에게도 말할 수 없는 비밀을 간직한 두식은 오랜 세월 동안 자신의 신분을 숨긴채 북에 남아 가정을 꾸리고 사랑하는 아내와 딸을 위해 살아왔다.,
그리고 마침내 30 년만에 고향으로 돌아오게 되었지만 그를 괴롭히던 비밀스러운 과거가 하나 둘 모습을 드러내기 시작하며 유령처럼 그를 따라다닌다.				",,문시현,"공형진,이시원,송재림",,
"http://image.cine21.com/resize/cine21/poster/2020/0319/11_31_21__5e72d9798c9c0[X230,330].jpg",시호,,,멜로·로맨스,"
					
									,
									혼자가 된 열일곱 사춘기 소년 ‘우민’(김도우)은,
부모님의 간병인이었던 ‘수정’(신은경)과 한 집에서 살아간다.,
말을 하지 못하는 ‘수정’을 몰래 지켜보며 마음을 키워가던 ‘우민’은,
‘수정’이 병을 앓고 있다는 사실을 알게 되고,,
그녀를 지켜주고 싶다는 마음이 점점 커져가는데…,
하지만 몸만 자라버린 미성년의 가난한 손으로는,
병원비는 고사하고 아무것도 해 줄 수 있는 것이 없고,
날씨만큼 마음까지 무더운 계절,,
‘우민’은 그녀를 지키기 위해 잔혹한 세상으로 나선다.				",,홍수동,"신은경,윤희석,김도우,진혜경,성현,표예진",4.00,
"http://image.cine21.com/resize/cine21/poster/2007/0314/M0010057_poster_main[X230,330].jpg",극락도 살인사건,개봉일 : 2007-04-12,"누적관객 : 2,259,511명","미스터리, 범죄, 코미디","
					
									,
									,
,
,
,
1986년, 아시안게임으로 세상이 떠들썩하던 10월. OO항 앞바다에서 토막 난 사람 머리통이 발견된다. 시체 부검 결과 토막난 머리통의 주인이 인근에 위치한 섬, 극락도 주민이라는 사실이 밝혀지고 특별조사반은 본격적인 수사를 위해 사건 현장 탐문에 나선다. 형사들은 송전 기사의 합숙소와 보건소로 추정되는 곳에서 살인사건의 흔적으로 보이는 핏자국과 부서진 무전기 등을 발견하지만, 끝내 한 구의 사체도 찾아내지 못한다. ,
,
,
,
바깥 세상 돌아가는 일엔 도통 관심이 없는 듯 순박하기만 한 섬주민 17인이 사는 작은 섬, 극락도. 천국 같은 이 곳에서 끔찍한 살인사건이 발생한다. 김노인의 칠순 잔치가 벌어진 다음날 아침, 두 명의 송전기사의 시체가 발견된 것. 함께 화투판에 있었던 덕수가 유력한 용의자로 떠오르지만 그의 행방마저 묘연한 채 사건은 미궁으로 빠져든다. ,
,
,
,
섬 주민 전원이 용의자일수도, 피해자일수도 있는 혼란스러운 상황, 난생 처음 살인사건을 맞닥뜨린 마을 사람들은 보건 소장 제우성(박해일 扮)을 필두로 화투판 살인사건 범인을 추리하는데 열을 올리지만, 이웃들의 주검만 늘어간다. 한편, 우연한 기회에 ‘이장이 들여놓지 말아야 할 것을 들여놨다’라는 모종의 쪽지를 발견한 학교 소사 춘배(성지루 扮)는 쪽지의 의미를 알아내기 위해 혈안이 되는데……,
,
,
 				","
							짧은 프롤로그를 제외하면, <극락도 살인사건>을 여는 첫 번째 컷은 멀리서 바라본 극락도의 전경이다. 검은 파도를 겹겹이 두른 그 모습은 고집스럽게 입을 다문 누군가처럼 비밀스럽다. <그리고 아무도 없었다> <소년탐정 김전일>(의 첫 번째 에피소드인 <오페라 극장 살인사건>) 등 밀실연쇄살인 추리물의 대표작들 역시 모두 등장...							",김한민,"박해일,박솔미,성지루,박원상,최주봉,김인문,안내상,유혜정,박길수,김병춘",5.00,6.97
"http://image.cine21.com/resize/cine21/poster/2017/0104/15_59_59__586c9d6fec347[X230,330].jpg",사랑하기 때문에,개봉일 : 2017-01-04,,"코미디, 멜로·로맨스","
					
									,
									사랑하는 그녀에게 고백하러 가던 날,,
갑작스러운 사고로 사랑에 서툰 사람들의 몸에,
들어갈 수 있는 뜻밖의 능력(?)을 가지게 된,
작곡가 '이형'(차태현),
 ,
여고생 K양을 시작으로 이혼위기 P씨, 모태솔로 노총각 Y씨,
첫사랑만 찾는 치매할머니 K씨까지!,
유일하게 자신의 비밀을 알아챈 4차원 소녀,
'스컬리'(김유정)의 도움으로 인생 최대의 위기를 기회로 바꿔보기로 한다.,
 ,
'이형'은 과연 인생 최고의 순간을 맞이할 수 있을 것인가?,
,
,				","
							성공한 작곡가 이형(차태현)은 여자 친구에게 청혼하러 가던 길, 교통사고로 의식불명 상태가 된다. 구천을 떠돌던 이형의 영혼은 임신한 여고생 말희(김윤혜)의 몸에 들어간다. 이후 그의 영혼은 이혼을 앞둔 중년 형사, 남다른 식탐을 자랑하는 노총각 교사, 치매 걸린 할머니의 몸으로 차례차례 옮겨간다. 이형은 자신만의 방식으로 이들이 처한 문제를 해결해나간다. 이형이 여...							",주지홍,"차태현,김유정,서현진,박근형,선우용녀,성동일,배성우,임주환,김윤혜,오나라",6.00,6.57
"http://image.cine21.com/resize/cine21/poster/2013/0522/13_50_54__519c4eaef166f[X230,330].jpg",꼭두각시,개봉일 : 2013-06-20,"누적관객 : 31,713명","스릴러, 공포","
					
									,
									사랑을 믿지 않는 정신과 의사 '지훈'(이종수). ,
어느 날 친구의 애인 '현진'(구지성)이 원인을 알 수 없는 환영에 시달린다며 그를 찾아온다.,
그녀의 치료를 위해 강력한 최면술을 시도한 지훈은 알 수 없는 현진의 내면 속 정체와 마주하고 그녀의 끔찍한 과거에 대해서 알게 된다. 최면 치료를 통해 점점 과거에서 벗어나는 현진, 반면 지훈은 그녀의 거부할 수 없는 매력에 깊이 빠져든다.,
결국, 그는 금기를 깨고 그녀에게 ‘매주 일요일 세 시, 어떤 일이 있더라도 자신을 찾아오라’는 후최면을 걸고 그녀는 주술에 걸린 듯 그를 찾게 되는데...,
 				","
							<꼭두각시>의 시놉시스를 읽으면서 호기심보다 불안함을 먼저 느꼈다. 최면을 이용해 환자를 낚는 의사라는 설정이 <얼굴 없는 미녀>를 떠올리게 해서다. 동일하진 않아도 익숙한 데서 오는 흥미는 분명 반감되었다. 인형 디자이너 현진(구지성)은 원인을 알 수 없는 환각에 시달린다. 그녀는 툭하면 머리를 풀어헤친 귀신이 보이며 괴로움을 겪는다. 결국 애인...							",권영락,"이종수,구지성,원기준,한소영",1.00,3.00
"http://image.cine21.com/resize//noimg[X230,330].jpg",도망친 여자,,,드라마,"
					
									남편이 출장을 간 사이 ‘감희’는 세 명의 친구를 만난다. 두 명은 그녀가 그들의 집들을 방문한 것이고, 세 번째 친구는 극장에서 우연히 만났다. 우정의 대화가 이어지는 동안, 언제나처럼, 바다 수면 위와 아래로 여러 물결들이 독립적으로 진행되고 있다.				",,홍상수,"김민희,서영화,송선미,김새벽,권해효,신석호",,
"http://image.cine21.com/resize/cine21/poster/2019/0703/14_49_01__5d1c41cd1de51[X230,330].jpg",난폭한 기록,개봉일 : 2019-07-11,,"액션, 범죄","
					
									,
,
특종 냄새는 귀신같이 맡는 집념의 프리랜서 VJ '국현'(류덕환)은 자극적인 취재거리를 찾던 중,
머리에 칼날이 박힌 채 살아가는 전직형사 ‘기만’(정두홍)의 이야기가 대박 아이템임을 직감한다,
폐인 같은 삶을 살고 있던 ‘기만’은 ‘국현’의 집요한 설득 끝에 동료형사를 죽이고,
자신에게 칼날을 박아놓은 마약조직보스 ‘정태화’에 대한 복수를 기록한다는 조건하에 동행취재를 허락한다.,
,
,				","
							기만(정두홍)은 머리에 칼날이 박힌 채 살아가는 전직 형사다. 마약 범죄사건을 수사하다가 범죄 조직 보스 정태화(정의갑)로부터 공격을 당해 생긴 상처다. 그 과정에서 그는 자신의 실수로 동료 형사를 잃었고, 사고 후유증으로 고통에 시달리며 분노를 주체하지 못한다. 한편 집념이 강하고 고집이 센 프리랜서 VJ 국현(류덕환)은 기만의 사연을 카메라에 담기로 하고, 기만을...							",하원준,"정두홍,류덕환,서은아,정의갑",5.00,8.00
"http://image.cine21.com/resize/cine21/poster/2006/1130/M0010001_main_poster[X230,330].jpg",올드미스다이어리,개봉일 : 2007-03-01,"누적관객 : 856,090명","코미디, 드라마","
					
									,
									,
,
최미자. 그녀는 서른 두 살이란 나이에도 불구하고 푼수끼로 따지자면 완전 국가대표급이다. ,
실수투성이 인생에 불평과 주름만 늘어가던 어느 날, 드디어 지루한 일상에 종지부를 찍을사건이 발생한다. 그건 바로 미자가 성우로 일하는 방송국에서 기럭지도 싸가지도 지존인, 게다가 어리기까지 한 꽃미남 지피디에게 지대로 꽂혀 버린 것! ,
,
그 사실을 알게 된 미자네 가족은 이 참에 지피디를 집안에 들이겠다는 희망에 부푼다. 그러나, 미자의 푼수끼가 남다른 것이 어디 괜한 것이랴. 이 가족 역시 심상치 않다. 할머니 트리오, 홀아버지, 노총각 외삼촌까지, 짧은 기럭지에 대책없는 성격까지 꼭 닮은 이들이 모여있으니 아무도 이들을 막을 길이 없다. 바야흐로 온 가족이 미자의 연하남 꼬시기에 동참하면서, 개성이 심히 넘치는 이 가족의 배꼽잡는 사건들이 시작된다. 어디로 튈지 모르는 그들이 벌이는 무모한 도전, 이번에는 성공할 수 있을까?,
 				","
							키스해본 지 5년이 넘은 서른두살의 미혼여성 최미자(예지원)는 일거리가 없어 놀고 있는 성우다. 그녀는 선배의 추천으로 모처럼 고정배역을 얻지만 단역조차 제대로 해내지 못해 나이 어린 지현우 PD(지현우)에게 날마다 구박을 받는다. 그러나 현우와 포장마차에서 술을 마시던 미자는 문득 이 남자와 연애를 하게 될지도 모른다는 느낌을 받는다. 이처럼 두근거리는 봄바람은 미...							",김석윤,"예지원,지현우,김영옥,서승현,김혜옥,임현식,우현,조연우,오윤아,김지영",6.50,7.77
"http://image.cine21.com/resize/cine21/poster/2013/0625/17_46_06__51c958ce0ef80[X230,330].jpg",감시자들,개봉일 : 2013-07-03,"누적관객 : 5,496,547명","액션, 범죄, 드라마","
					
									,
									“2013년 여름, 최강의 추적액션 프로젝트”,
 ,
감시 수칙,
하나. 모든 임무는 감시에서 시작해 감시로 끝난다,
둘. 허가된 임무 외에는 절대 개입하지 않는다,
셋. 노출된 즉시 임무에서 제외된다,
 ,
범죄 대상에 대한 감시만을 전문적으로 담당하는 경찰 내 특수조직 감시반.,
동물적인 직감과 본능으로 범죄를 쫓는 감시전문가 ‘황반장’(설경구)이 이끄는 감시반에 탁월한 기억력과 관찰력을 지닌 신참 ‘하윤주’(한효주)가 합류한다.,
 ,
흔적조차 없는 놈의 모든 것을 기억하라!,
 ,
철저한 계획 하에 단 1초의 오차도 용납하지 않는 범죄 조직의 리더 ‘제임스’(정우성).,
3분만에 벌어진 무장강도사건의 배후인 그는 자신의 존재를 드러내지 않은 채 감시반의 추적이 조여올수록 더욱 치밀하게 범죄를 이어간다.,
얼굴도, 단서도 남기지 않는 범죄, 황반장과 하윤주는 모든 기억과 단서를 동원해 놈을 쫓기 시작하는데... 				","
							서울 2호선 지하철 안, 하윤주(한효주)가 서 있고 황 반장(설경구)은 앉아서 졸고 있다. 졸다가 급하게 일어서던 황 반장이 지나가던 여자와 부딪친다. 그리고 제임스(정우성)가 전화를 받으면서 지나간다. 흔히 볼 수 있는 서울의 한 평범한 일상이다. 하지만 황 반장은 경찰 내 특수조직 감시반의 반장으로 신입으로서의 하윤주의 능력을 테스트하고 있었던 것. 하윤주는 당시의...							","조의석,김병서","설경구,정우성,한효주,진경,준호,김병옥,임달화,손민석,이태형,이동휘",6.75,7.50
"http://image.cine21.com/resize/cine21/poster/2019/0821/14_41_13__5d5cd979b8692[X230,330].jpg",장사리 : 잊혀진 영웅들,개봉일 : 2019-09-25,,전쟁,"
					
									,
									‘이명준’ 대위가 이끄는 유격대와 전투 경험이 없는 학도병들을 태운 문산호는,
인천상륙작전의 양동작전인 장사상륙작전을 위해 장사리로 향한다.,
평균나이 17세, 훈련기간 단 2주에 불과했던 772명 학도병들이 ,
악천후 속에서 소나기처럼 쏟아지는 총알을 맞으며 상륙을 시도하는데…				","
							인천상륙작전 하루 전, 이명준 대위(김명민)가 이끄는 유격대와 학도병들을 태운 문산호가 장사리로 향한다. 평균 나이 17살, 훈련 기간 2주 남짓, 전투 경험 역시 전무한 772명의 학도병들은 북한군을 교란시킬 목적으로 장사상륙작전에 투입되었다. 낡은 무기와 부족한 탄알, 최소한의 식량만을 보급받은 그들은 장사 해변에 상륙해 적의 보급로를 차단해야 한다. 태풍으로 문...							","곽경택,김태훈","김명민,최민호,김성철,김인권,곽시양,메간 폭스,조지 이즈,장지건,이재욱,이호정",5.00,7.33
"http://image.cine21.com/resize/cine21/poster/2019/0328/11_31_54__5c9c321adb021[X230,330].jpg","다시, 봄",개봉일 : 2019-04-17,,드라마,"
					
									,
									인생의 유일한 행복인 딸을 사고로 잃은 후 절망에 빠진 ‘은조’(이청아),
중대한 결심을 한 그날, 눈을 떠보니 시간이 어제로 되돌아갔다.,
,
거꾸로 흐르는 시간을 살게 된 ‘은조’는,
불행했던 자신의 어제를 바꾸며 행복한 시간을 보내지만,,
계속 어제로 흐르는 시간에 마음이 초조해진다. ,
,
그러던 어느 날,,
시간여행에 관한 미스터리한 키를 쥔 남자 ‘호민’(홍종현)을 만나게 되는데…,
,
,				",,정용주,"이청아,홍종현,박소이,박지일,박경혜,박지빈,오현중,김노진",,
"http://image.cine21.com/resize/cine21/poster/2018/0525/10_54_57__5b076cf1ade06[X230,330].jpg",탐정: 리턴즈,개봉일 : 2018-06-13,,"코미디, 범죄","
					
									,
									역대급 미제사건을 해결한 추리 콤비, 셜록 덕후 만화방 주인 ‘강대만’(권상우)과 광역수사대 레전드 형사 ‘노태수’(성동일)! 드디어 대한민국 최초 탐정사무소를 개업하고, 전직 사이버 수사대 에이스 ‘여치’(이광수)까지 영입하며 탐정으로서의 첫 발을 내딛는다.,
,
하지만 꿈과 현실은 다른 법! 기다리는 사건 대신 파리만 날리고, 생활비 압박에 결국 경찰서까지 찾아가 몰래 영업을 뛰기 시작한다.,
,
드디어 기다림 끝에 찾아온 첫 의뢰인. 게다가 성공보수는 무려 5천만 원! 자신만만하게 사건을 받아 든 세 사람은 파헤칠수록 꼬리에 꼬리를,
무는 의심스러운 증거들로 혼란에 빠지기 시작하는데…,
,
""우리가 가는 길 미제사건이란 없다"",
				","
							한층 더 능글맞고 노련해진 배우들이 빚어내는 말초적 개그가 어느덧 팔짱을 풀고 킬킬거리게 만든다. ‘아재’ 탐정물의 출발을 알린 <탐정: 더 비기닝>(2015)의 콤비가 더 끈끈해진 호흡으로 돌아왔다. 만화방을 팔고 사설탐정사무소를 차린 강대만(권상우)과 퇴직을 고민하는 형사 노태수(성동일)는 끈질긴 전단지 배포와 영업 끝에 첫 번째 의뢰인을 만나게 된다....							",이언희,"권상우,성동일,이광수,서영희,이일화,남명렬,손담비,최성원,정연주,박성일",5.00,6.80
"http://image.cine21.com/resize/cine21/poster/2019/0125/11_20_52__5c4a728473d85[X230,330].jpg",로드킬,개봉일 : 2019-02-21,,"스릴러, 공포","
					
									,
									악랄한 부동산 업자 오광은 재개발 사업 건으로 급하게 산길을 운전하다 사고를 당하고 외딴 산속 장씨 집에서 이틀 만에 깨어난다. 오광을 발견한 장씨 가족은 큰 비로 다리가 끊기고 전화마저 불통이라 오광을 집에 데려왔던 것.,
,
장씨와 아내 연희, 그들의 아들 현석과 딸 소희까지 장씨 가족은 친절하게 오광을 도와 준다. 하지만 재개발 건으로 마음이 급한 오광은은 장씨 가족의 만류에도 혼자 집을 나섰다가 길을 잃고 산속을 헤매다 다리까지 다치고 만다.,
,
다친 오광을 다시 도와주는 장씨 가족.,
하지만 친절하기만 했던 장씨 가족은 오광에게 무언가를 숨기는 듯 하고…,
오광은 자신의 과거 악행과 장씨 가족이 연관되어 있다는 걸 알게 되고 목숨을 위협받게 되는데…				","
							부동산 투기꾼인 오광(이철민)은 어느 시골 국도를 달리다가 사고를 낸다. 그런데 오광의 차에 치여 쓰러진 건 사람이 아니라 허수아비다. 그 사실을 확인하고 떨떠름한 표정으로 다시 차에 탄 오광은 무리한 재개발 사업으로 길거리에 나앉은 어느 가엾은 농부의 전화를 받고 화를 내다가 이번에는 진짜 사고를 낸다. 산비탈에 처박힌 차에서 의식을 잃은 그를 가까스로 구해준 사람...							",이수성,"이철민,오광록,김윤지,신원호",5.00,
"http://image.cine21.com/resize/cine21/poster/2020/0522/12_17_40__5ec74454bd87b[X230,330].jpg",결백,개봉일 : 2020-06-11,누적관객 : 170명,드라마,"
					
									,
									기억을 잃은 채 살인사건의 용의자로 몰린 엄마 '화자'(배종옥)의 결백을 밝히려는 변호사 '정인'(신혜선)이 '추시장'(허준호)과 마을 사람들이 숨기려 한 추악한 진실을 파헤쳐가는 무죄 입증 추적극				",,박상현,"신혜선,배종옥,허준호,홍경,태항호,고창석,박철민,차순배,정인겸,한이진",,
"http://image.cine21.com/resize/cine21/poster/2019/1115/15_33_08__5dce46a461503[X230,330].jpg",속물들,개봉일 : 2019-12-12,,"코미디, 드라마","
					
									,
									애인 김형중(심희섭)과 동거중인 미술작가 선우정(유다인)은 동료 작가의 작품을 베끼다시피 모사한 작품에 떡하니 란 제목을 붙여놓고 '차용미술’이란 말로 포장해 팔아먹고 산다. 원작자들로부터 소송이 끊이지 않는 그녀에게 큐레이터 서진호(송재림)는 촉망받는 작가들만 참여한다는 유민 미술관 특별전을 제안하며 잠자리까지 갖는다.,
이런 우정 앞에 고등학교 동창 탁소영(옥자연)이 나타난다. 소영은 우정의 양다리 비밀을 빌미로 우정의 애인을 꼬셔주겠다는 제안을 하고, 세 사람의 이상한 동거가 시작된다. 한편, 형중은 이 사실을 덮어둔 채 유민 미술관 팀장으로 들어가 선우정, 서진호를 압박한다. 원하는 속내를 감춘 네 사람, 그리고 총감독 유지현(유재명)까지 유민 미술관에 모여들며 날카로운 신경전을 펼치게 되는데...				","
							“제가 제일 많이 들은 말이 뭔 줄 아세요? …쌍년.” 표절을 ‘차용’이라 우기며 앤디 워홀 운운하는 미술 작가 선우정(유다인). 애인이자 미술잡지기자 김형중(심희섭)의 집에 얹혀사는 우정은 ‘쌍년’이라는 뒷담화와 각종 소송에도 한없이 당당하다. 유민미술관 큐레이터 서진호(송재림)는 오히려 논란의 중심에 선 그녀에게 특별전 초청을 제안하고 잠자리까지 갖는다. 그러던 ...							","신아가,이상철","유다인,심희섭,송재림,옥자연,유재명,김주령,백수장",6.33,10.00
"http://image.cine21.com/resize/cine21/poster/2018/1031/11_16_27__5bd9107b913f5[X230,330].jpg",성난황소,개봉일 : 2018-11-22,,"액션, 범죄","
					
									거칠었던 과거를 벗어나 수산시장에서 건어물 유통을 하며 건실하게 살던 동철(마동석).,
어느 날 아내 지수(송지효)가 납치되고, 경찰에 신고를 하지만 그녀의 행방은 묘연하기만 하다.,
그리고 동철에게 걸려 온 납치범(김성오)의 전화!,
오히려 지수를 납치한 대가로 거액의 돈을 동철에게 주겠다는 파격 제안을 하고, 이에 폭발한 동철은 지수를 구하기 위해 움직이기 시작하는데…!,
,
느낌 오지? 잘못 건드린 거,
,
,
 				","
							수산시장에서 유통 일을 하며 성실하게 살아가는 동철(마동석). 인정에 약해 지인들 말만 믿고 사업에 투자했다 빚지는 일도 잦지만 주먹깨나 쓰던 과거는 청산한 지 오래다. 다 사랑하는 아내 지수(송지효)를 만났기 때문이다. 그런데 지수의 생일날 그녀가 납치된다. 납치범은 불법 대부업과 인신매매 등을 일삼는 기태(김성오). 인간의 위선적 행태를 비웃는 기태는 돈이 될 만...							",김민호,"마동석,송지효,김성오,김민재,박지환,이성우,배누리,임형준,정해균,김원해",4.50,6.33
"http://image.cine21.com/resize/cine21/poster/2019/0213/11_11_53__5c637ce99043b[X230,330].jpg",항거:유관순 이야기,개봉일 : 2019-02-27,,드라마,"
					
									1919년 3.1 만세운동 후 세평도 안 되는 서대문 감옥 8호실 속,,
영혼만은 누구보다 자유로웠던 유관순과 8호실 여성들의 1년의 이야기.				","
							<항거: 유관순 이야기>(이하 <항거>)는 너무나 잘 알려져 있으나 실은 잘 알지 못하는 인물인 유관순을 다루는 방식으로 선택과 집중을 택했다. 1919년 4월 1일 아우내 장터에서 만세운동을 주도하다 체포되어 서대문 감옥 8호실에 수감된 유관순 열사의 1년여를 흑백 영상에 담는 방식이다. 누울 자리가 없어 서서 잠을 청하고, 낮에는 퉁퉁 부운 ...							",조민호,"고아성,김새벽,김예은,정하담,류경수,최무성,오지영,김남진",6.33,8.40
"http://image.cine21.com/resize/cine21/poster/2018/1001/50637_5bb1aebb1aee4[X230,330].jpg",창궐,개봉일 : 2018-10-25,,액션,"
					
									,
									밤에만 활동하는 산 자도 죽은 자도 아닌 ‘야귀(夜鬼)‘가 창궐한 세상, 위기의 조선으로 돌아온 왕자 ‘이청’(현빈)은 도처에 창궐한 야귀떼에 맞서 싸우는 최고의 무관 ‘박종사관’(조우진) 일행을 만나게 되고, 야귀떼를 소탕하는 그들과 의도치 않게 함께하게 된다.,
,
한편, 조선을 집어삼키려는 절대악 ‘김자준’(장동건)은 이 세상을 뒤엎기 위한  마지막 계획을 감행하는데… ,
,
조선필생 VS 조선필망,
세상을 구하려는 자와 멸망시키려는 자!,
오늘 밤, 세상에 없던 혈투가 시작된다!				","
							때는 무능한 임금 이조(김의성)가 간신배에 둘러싸여 왕권을 잃어가던 조선시대. 청나라에서 수학하던 왕자 이청(현빈)이 세자이자 형인 이영(김태우)의 부름을 받고 조선으로 돌아온다. 그런데 그때 야귀떼가 창궐하면서 백성들의 터전이 쑥대밭이 된다. 세자 이영을 비롯한 그의 수하들이 반역을 꾀했다는 죄를 물어 숙청을 당하면서 조정도 시끄럽기는 마찬가지. 궁의 안팎에서 벌어...							",김성훈,"현빈,장동건,조우진,정만식,이선빈,김의성,조달환,박진우,서지혜,한지은",5.20,6.20
"http://image.cine21.com/resize/cine21/poster/2019/0122/11_34_09__5c468121de75f[X230,330].jpg","어쩌다, 결혼",개봉일 : 2019-02-27,,"코미디, 멜로·로맨스","
					
									,
									재산을 물려받기 위해서는 결혼을 꼭 해야만 하는 ‘성석’(김동욱), 엄마와 세 오빠의 결혼 압박에서 벗어나 나만의 인생을 찾고 싶은 ‘해주’(고성희),
부모님의 등쌀에 못 이겨 나간 맞선 자리에서 만나게 된 둘은 ,
각자의 목적을 달성하기 위해 딱! 3년간만 결혼하는 ‘척’하기로 계약한다,
,
하지만 두 사람의 결혼 준비가 진행될수록,
방해꾼들은 늘어만 가고,,
넘어야 할 산이 한두 개가 아닌데…,
,
결혼하는 척, 같이 사는 척, 딱! 3년만 하는 척! 척!,
과연 두 사람의 ‘하는 척’은 성공할 수 있을까?				","
							결혼을 해야만 상속하겠다는 아버지 때문에 고민인 성석(김동욱)과 서른이 된 후 더 심해진 가족의 결혼 압박으로 골치 아픈 해주(고성희)는 소개팅에서 처음 만난다. 연애 중이지만 상대 여성의 조건 때문에 부모에게 당당히 소개할 수 없는 성석은 위장 결혼이라도 해서 상속을 받고 싶고, 부상으로 육상을 포기한 후 목표 없이 살던 해주 역시 오빠들의 잔소리에서 벗어나 자신만...							","박호찬,박수진","김동욱,고성희,황보라,김의성,임예진,염정아,한수현,최고,이채은,조우진",4.00,6.00
"http://image.cine21.com/resize/cine21/poster/2018/0411/11_15_57__5acd6fdd0bc56[X230,330].jpg",곤지암,개봉일 : 2018-03-28,,"미스터리, 공포","
					
									,
									1979년 환자 42명의 집단 자살과 병원장의 실종 이후,,
섬뜩한 괴담으로 둘러싸인 곤지암 정신병원으로,
공포체험을 떠난 7명의 멤버들,
,
원장실, 집단 치료실, 실험실, 열리지 않는 402호…,
괴담의 실체를 담아내기 위해,
병원 내부를 촬영하기 시작하던 멤버들에게,
상상도 못한 기이하고 공포스러운 일들이,
실제로 벌어지기 시작 하는데…,
,
가지 말라는 곳에는 반드시 이유가 있다.,
소름 끼치는 ‘곤지암 정신병원’ 의 실체를 체험하라!				","
							1979년, 곤지암의 한 정신병원에서 환자들과 병원장이 집단 자살을 하는 사건이 발생한다. 그 후 정신병원은 폐허로 버려진 채 흉흉한 소문을 안고 수십년의 세월이 흐른다. 그런데 최근에 이 곤지암 정신병원이 ‘<CNN>이 선정한 세계 7대 공포스러운 공간’으로 선정되어 언론의 주목을 받기 시작하면서 각종 유튜버들이 이곳으로 몰려와 생방송을 진행하기 시작한다...							",정범식,"위하준,박지현,오아연,문예원,박성훈,유제윤",6.50,6.90
"http://image.cine21.com/resize/cine21/poster/2014/0529/41917_5386e006993b4_2014-05-29 162021[X230,330].jpg",먹방쇼 맛의 전설,,,TV 시리즈,"
					
									우리에게 친근하지만 제대로 조명받지 못했던 '전설 같은 대중음식'에 얽힌 추억, 역사, 숨은 이야기와 건강하게 먹는 법을 알려주는 프로그램 				",,"박희상,김건준","박수홍,데프콘,신봉선,이혜정,선우용녀",,
"http://image.cine21.com/resize/cine21/poster/2014/0402/15_15_37__533bab0959691[X230,330].jpg",신의 선물,개봉일 : 2014-04-10,"누적관객 : 1,116명",드라마,"
					
									구원을 사려는 자, 고통을 파려는 자. 그들의 신비로운 기다림이 시작된다.,
,
'승연'은 간절히 원하는 아이를 가질 수 없다. '소영'은 원치 않은 아이를 가져 곤란에 빠진다. 둘은 서로의 결핍을 메우기 위해, 깊은 숲 속 별장에서 새로운 생명을 함께 기다리기로 한다. 하지만 안락한 평화도 잠시, 낯선 이들의 방문이 그들을 위협하기 시작하는데.. ,
,
과연 그들에게 구원의 숨결이 닿을 수 있을까? 				","
							원치 않는 아이를 가진 어린 소영(전수진)에겐 사회적 기반도 생활력도 없다. 아이를 원하는 불모의 여성 승연(이은우)은 소영에게 아이를 낳아줄 것을 간청한다. 소영과 승연은 시골의 별장에서 격리된 생활을 시작한다. 한달에 한번 별장에 들르는 남편(이승준)은 아내와의 성관계만을 바랄 뿐 아이에 대한 아내의 열망을 좀처럼 이해하지 못한 채 냉담하다. 정체를 알 수 없는 ...							",문시현,"이나라,전수진,이승준,김영재,권율",5.00,5.50
"http://image.cine21.com/resize//noimg[X230,330].jpg",미스터리 핑크,,,상영시간 : 9분,"
					
									파괴적인 미스터리함. 그것은 당신의 자화상.,
,
 [제19회 전주국제영화제]				",,구혜선,"서현진,양동근",,
"http://image.cine21.com/resize/IMGDB/poster/2001/0620/large/181620_06[X230,330].jpg",찜,개봉일 : 1998-05-16,,"코미디, 멜로·로맨스","
					
									,
									안재욱의 여장으로 화제를 모았던 로맨틱코미디.,
방송사 PD 준혁은 중학생 시절부터 친구 윤철의 누나 채영을 짝사랑해왔다. 언젠가는 사랑을 고백하리라 다짐하건만 채영의 눈에 비친 준혁은 동생의 친구일 뿐. 어느 날 준혁은 술에 취해 인사불성인 채영을 업고 호텔에 데리고 간다. 하지만 이 일로 준혁은 오히려 채영의 의심을 사고 그녀 앞에 얼씬도 말라는 통고를 받는다. 이젠 친구의 누나로서 채영을 만나는 것조차 불가능해진 준혁. 이 때 그의 선배가 완벽한 여장을 해 채영에게 접근하라는 기막힌 제안을 한다. , 				",,한지승,"김혜수,안재욱,김희라,주호성,이두일,강성진,최철호,홍석천,이상인,권해효",5.78,
"http://image.cine21.com/resize/cine21/poster/2015/1123/13_43_53__56529989301d9[X230,330].jpg",성난 변호사,개봉일 : 2015-10-08,,"액션, 범죄","
					
									“이기는 게 정의지 뭐” ,
두뇌 상위 1%, 승소확률 100%의 에이스 변호사 ‘변호성’(이선균). ,
대형 소송을 성공적으로 마무리 짓고 승승장구하는 그에게 새로운 의뢰가 들어온다. ,
바로 시체도 증거도 없는 신촌 여대생 살인 사건의 유력 용의자를 변호하는 것! ,
좀처럼 풀리지 않는 사건이지만 그의 두뇌는 빠르게 움직이기 시작하고, ,
파트너 ‘박사무장’(임원희)과 함께 사건 현장에서 용의자의 혐의를 벗길 결정적 증거를 확보한다. ,
,
“지금부터 이 사건의 주인공은 나다!” ,
재판 당일, 사사건건 부딪히는 후배 검사 ‘진선민’(김고은)의 반론에 맞서 조목조목 반박하는 변변. ,
언제나 그렇듯 승리를 확신하는 순간! ,
용의자가 자신이 피해자를 살해했다고 자백한다. ,
갑작스런 자백에 판세는 뒤바뀌고, ,
변변은 승소를 위해 증거를 조작했다는 의혹과 함께 인생 최대의 위기를 맞게 되는데… ,
,
승소를 확신한 순간, 시작된 반전 ,
자존심 구긴 에이스 변호사의 통쾌한 반격이 시작된다!,
,
 				","
							최근 윤리와 법을 무시하는 재벌에 응징을 가하는 영화들이 심심찮게 보인다. 물론 오래전부터 반복되어온 고전적인 테마이지만 이러한 영화들의 귀환은 오늘날 한국 사회가 기득권에 대해 갖고 있는 불신과 분노가 어느 정도인지를 짐작게 하는 하나의 척도이기도 할 것이다. 올해 개봉한 <베테랑> <치외법권>에 이어 허종호 감독의 <성난 변호사> ...							",허종호,"이선균,김고은,임원희,장현성,김윤혜,홍성덕,곽인준,최재웅,박지영,최규환",6.67,6.87
"http://image.cine21.com/resize/cine21/poster/2014/1202/14_55_39__547d545b89e9d[X230,330].jpg",기술자들,개봉일 : 2014-12-24,"누적관객 : 1,778,083명","스릴러, 드라마","
					
									뛰어난 두뇌의 금고털이이자 작전의 설계는 물론 모든 위조에 능한 멀티플레이어 지혁, 절친한 형이자 인력 조달 전문 바람잡이 구인과 함께 어떤 보안 시스템도 순식간에 뚫어버리는 업계 최연소 해커 종배와 손잡고 기막힌 솜씨로 철통 보안을 자랑하는 보석상을 털며 순식간에 업계에 이름을 날린다. ,
이들을 눈 여겨 본 재계의 검은 손 조사장은 자신이 벌일 큰 판에 지혁 일당을 끌어들인다. 조사장이 설계한 작전은 동북아 최고의 보안 시스템을 자랑하는 인천 세관에 숨겨진 고위층의 검은 돈 1,500억. 주어진 시간은 단 40분.,
,
클래스가 다른 기술자들의 역대급 비즈니스가 지금 시작된다!,
 				","
							‘마스터 키’라 불리는 천재 금고털이범이자 지능형 범죄 리더인 지혁(김우빈)은 바람잡이 구인(고창석), 유능한 해커 종배(이현우)와 함께 보석상을 털어 크게 한건 올린다. 털린 보석상 주인이자 밀수업계의 대부인 조 사장(김영철)은 되레 금고털이 수법에 눈독을 들여 지혁을 영입한 후 지상 최대의 절도 사건을 기획한다. 동북아에서 최상의 보안 시스템을 자랑하는 인천세관에...							",김홍선,"김우빈,김영철,고창석,이현우,조윤희,임주환",4.00,5.87
"http://image.cine21.com/resize/cine21/poster/2019/0226/10_54_37__5c749c5dc9e07[X230,330].jpg",증인,개봉일 : 2019-02-13,,드라마,"
					
									,
,
신념은 잠시 접어두고 현실을 위해 속물이 되기로 마음먹은,
민변 출신의 대형 로펌 변호사 ‘순호’(정우성).,
파트너 변호사로 승진할 수 있는 큰 기회가 걸린 사건의 변호사로 지목되자 ,
살인 용의자의 무죄를 입증하기 위해 ,
유일한 목격자인 자폐 소녀 ‘지우’(김향기)를 증인으로 세우려 한다.,
,
,
,
자기만의 세계에 빠져 의사소통이 어려운 ‘지우’.,
‘순호’는 사건 당일 목격한 것을 묻기 위해 ‘지우’를 찾아가지만, 제대로 된 인사조차 나누지 못한다.,
하지만 그날의 이야기를 듣기 위해 지우에게 다가가려 노력하는 ‘순호’, ,
시간이 흐를수록 조금씩 ‘지우’에 대해 이해하게 되지만,
이제 두 사람은 법정에서 변호사와 증인으로 마주해야 하는데…,
,
,				","
							민주사회를위한변호사모임(이하 민변)에서 대형 로펌으로. 순호(정우성)는 파킨슨병에 걸린 아버지 길재(박근형)의 빚을 비롯한 현실적 문제에 부딪혀 세상과 타협한 상태다. 오랜 민변 활동 경력은 생리대 발암물질 검출 관련 건 피고인을 위해 피해자측 논리를 예견해 재판 준비에 도움을 주는 식으로 활용된다. 하지만 로펌에서 이렇다 할 큰 사건을 맡지는 못하던 그에게 파트너 ...							",이한,"정우성,김향기,이규형,염혜란,장영남,정원중,김종수,박근형,송윤아,이준혁",6.00,7.83
"http://image.cine21.com/resize/cine21/poster/2014/0715/10_26_38__53c4834eba52d[X230,330].jpg",터널,개봉일 : 2014-08-20,"누적관객 : 80,989명","공포, 스릴러","
					
									재벌 2세인 기철의 권유로 최고급 리조트 여행을 떠난 5명. 기철, 영민, 유경, 세희... 그리고 은주. 관리자 동준의 안내로 리조트에서 즐거운 시간을 보내던 중 우연한 사고로 김씨를 죽이게 된다. 사실을 은폐하고자 사체를 숨기려 향한 곳은 20년간 출입이 금지된 터널. 단 한 순간도 머물지 않고 싶은 이 터널에서 벗어나려는 그 때. 어디에선가 휘파람 소리가 들리고 누군가 그들을 향해 점점 다가오기 시작하는데... 				","
							재벌 2세인 기철(송재림)은 여자친구인 유경(이시원), 세희(정시연), 영민(이재희), 그리고 중간에 합류한 은주(정유미)와 함께 아버지가 고급 리조트로 개발 중인 탄광 지역으로 여행을 떠난다. 탄광촌에 도착한 일행은 리조트 관리자인 동준(연우진)에게 숙소 열쇠를 받고 기철의 동생인 혜영(우희)이 터널 안에서 벌이고 있는 파티장으로 향한다. 파티 도중 한때 광부였던 ...							",박규택,"정유미,연우진,송재림,정시연,손병호,이시원,이재희,도희,우희",3.00,2.86
"http://image.cine21.com/resize/cine21/still/2017/1012/16_59_42__59df20ee60b32[X230,330].jpg",헤이는,,,"가족, 미스터리","
					
									베트남에서 가이드로 일하던 석은 그곳에서 베트남 여성과 결혼을 하고 그녀의 아들과 함께 오랜만에 자신의 고향인 부산으로 돌아온다. 석은 과거를 잊고 싶지만, 우연히 형을 만나면서 깊이 묻어 두었던 과거가 되살아난다. ,
  ,
 [제22회 부산국제영화제]				",,최용석,"허준석,임형국,서은아",,
"http://image.cine21.com/resize//noimg[X230,330].jpg",죽지않는 인간들의 밤,,,"코미디, 스릴러, SF","
					
									소희(이정현)는 모든 것이 완벽한 남편 만길과 결혼해 살고 있다. 그런데 남편이 수상하다. 흥신소에 뒷조사를 의뢰한 결과 돌아온 대답은. “하루에 21시간 동안 쉬지 않고 음주가무와 운동까지 즐기는 건 인간의 체력이 아닙니다.” 남편의 정체가 궁금해진 소희는 만길의 뒤를 밟고, 자신의 정체가 발각됐다는 것을 안 만길은 소희를 제거하려 한다. 소희는 동창생 세라와 양선, 흥신소 소장의 도움을 받아 자신을 해치려는 만길을 죽이기로 한다. 그런데 감전, 독극물 등 그 어떤 방법도 통하지 않는다. 죽지 않는 만길을 상대로 한 소희의 싸움이 시작된다.				",,신정원,"이정현,김성오,서영희,양동근,이미도",,
"http://image.cine21.com/resize/cine21/poster/2018/1004/53579_5bb57f8175b03[X230,330].jpg",늦여름,,,드라마,"
					
									정봉과 성혜는 서울에서의 삶을 정리하고 제주도에서 게스트하우스를 운영하고 있다. 여름이 끝나갈 무렵 그들의 게스트하우스에 뜻하지 않은 손님들이 찾아온다. 과거 성혜의 연인이었던 인구와 과거 정봉의 직장 후배였던 채윤이다. 정봉에게 성혜의 과거를 폭로하겠다는 인구로 인해 가뜩이나 불안한 성혜는, 채윤과 정봉 사이의 미묘한 기류를 감지하고 더욱 예민해진다. 그러던 중 인구와 채윤, 채윤의 친구 하서는 같은 게스트하우스에 머물게 된 우연으로 제주도 여행을 함께 하게 되고, 뜻하지 않은 재회로 네 남녀의 마음은 복잡해져 가는데..				",,조성규,"임원희,전석호,신소율,정연주,허동원,권하서",,
"http://image.cine21.com/resize/cine21/poster/2013/1224/10_57_24__52b8ea0466636[X230,330].jpg",만찬,개봉일 : 2014-01-23,"누적관객 : 1,877명","멜로·로맨스, 드라마, 가족","
					
									행복은 붙잡을 새도 없이 떠나가고,
불행은 예기치 않은 손님처럼 불쑥 찾아온다!,
 ,
은퇴 후 소일하며 여생을 보내고 있는 노부부는 경제적으로 쪼들리지만 그럭저럭 살고 있다. 장남 부부에게 아이가 생기지 않고, 딸이 이혼 후 자폐증을 가진 아들을 홀로 키우고, 대학을 졸업한 막내가 아직 변변한 직장을 구하지 못하고 있는 것이 부부의 근심거리들이다. 그런데 아내의 생일날, 여느 때와 다르게 자식들에게서 아무런 연락이 없다. 이유는 있었다. 장남 인철은 갑작스러운 실직으로 몇 달째 먹고 살 길을 찾고 있으며, 딸 경진은 지병인 심장병이 더욱 악화되고 있었던 것. 그날 밤, 인철에게 막내 인호의 전화가 다급하게 걸려온다. 인철은 뜻하지 않은 사고에 휘말린 막냇동생과 여동생 문제까지 해결하느라 홀로 동분서주하지만 무엇 하나 수습되지 않는데...,
 				","
							딱히 잘못한 것도 없는데 <만찬>의 가족은 사는 게 힘들다. 자식들 용돈받는 노부부는 눈치 보기 바쁘고, 장남 인철(정의갑)은 갑자기 직장에서 해고당했다. 이혼한 딸 경진(이은주)은 심장병으로 고생 중이다. 막내아들 인호(전광진)는 대리운전을 하며 힘겹게 살아간다. 이 정도면 됐다 싶은데도 가족의 고통은 더해간다. 아이를 갖지 못하는 인철 부부와 자폐증인 ...							",김동현,"정의갑,박세진,전광진,이은주",6.40,10.00
"http://image.cine21.com/resize/cine21/poster/2016/1130/10_23_24__583e2a0c15561[X230,330].jpg",미씽: 사라진 여자,개봉일 : 2016-11-30,,미스터리,"
					
									,
									이혼 후 육아와 생계를 혼자 책임져야 하는 워킹맘 지선은 헌신적으로 딸을 돌봐주는 보모 한매가 있어 늘 다행이라고 생각한다.,
 ,
어느 날, 퇴근 후 집에 돌아온 지선은 보모 한매와 딸 다은이가 흔적도 없이 사라져 버린 것을 알게 된다. 지선은 뒤늦게 경찰과 가족에게 사실을 알리지만 아무도 그녀의 말을 믿지 않고, 오히려 양육권 소송 중 일으킨 자작극으로 의심한다.,
 ,
결국 홀로 한매의 흔적을 추적하던 지선은 집 앞을 서성이는 정체불명의 남자와 주변 사람들의 이상한 증언들로 더욱 혼란에 빠지게 되고, 그녀의 실체에 가까워질수록 이름, 나이, 출신 등 모든 것이 거짓이었다는 충격적인 진실을 알게 되는데…,
,
,				","
							지선(엄지원)은 남편과 이혼 후 혼자 아이를 키우는 워킹맘이다. 그녀는 어린 딸 다은을 중국 출신의 보모 한매(공효진)에게 맡기고 일을 해왔지만, 어느 날 집에 돌아와보니 한매와 다은이 사라져버린다. 엎친 데 덮친 격으로 전남편과 경찰은 양육권 분쟁 때문에 아이를 일부러 숨긴 자작극이 아니냐며 그녀를 의심하고, 지선은 직접 아이를 찾아 나선다. 그녀는 한매와 다은이 ...							",이언희,"엄지원,공효진,김희원,박해준,전석찬,이성욱,고준,장원영,김진구,김지훈",6.67,7.31
"http://image.cine21.com/resize/cine21/poster/2019/0326/11_05_54__5c9989028bb07[X230,330].jpg",왓칭,개봉일 : 2019-04-17,,"스릴러, 공포","
					
									회사 주차장에서 납치 당한 여자(강예원)가 자신을 조여오는 감시를 피해 필사의 탈주를 감행하는 공포 스릴러				","
							영우(강예원)는 야근이 많은 워킹맘이다. 야근할 때마다 자신의 자리에 와서 치근덕거리는 최 실장(주석태) 때문에 마음이 심란하고 공포스럽다. 그 때문에 도망치듯 회사 지하 주차장으로 내려오고, 그때마다 마주치는 경비원 준호(이학주)에게 따뜻한 말을 전한다. CCTV를 통해 회사의 거의 모든 곳을 한눈에 꿰뚫고 있는 준호는 성실해 보이는 경비원이다. 어느 날 영우는 야...							",김성기,"강예원,이학주,주석태,임세주,김노진",4.00,5.00
"http://image.cine21.com/resize/cine21/poster/2018/1105/11_20_18__5bdfa8e297272[X230,330].jpg",국가부도의 날,개봉일 : 2018-11-28,,드라마,"
					
									,
									1997년, 대한민국 최고의 경제 호황을 믿어 의심치 않았던 그때, 곧 엄청난 경제 위기가 닥칠 것을 예견한 한국은행 통화정책팀장 ‘한시현’(김혜수)은 이 사실을 보고하고, 정부는 뒤늦게 국가부도 사태를 막기 위한 비공개 대책팀을 꾸린다. ,
  ,
한편, 곳곳에서 감지되는 위기의 시그널을 포착하고 과감히 사표를 던진 금융맨 ‘윤정학’(유아인)은 국가부도의 위기에 투자하는 역베팅을 결심, 투자자들을 모으기 시작한다. ,
이런 상황을 알 리 없는 작은 공장의 사장이자 평범한 가장 ‘갑수’(허준호)는 대형 백화점과의 어음 거래 계약서에 도장을 찍고 소박한 행복을 꿈꾼다. ,
  ,
국가부도까지 남은 시간 단 일주일. 대책팀 내부에서 위기대응 방식을 두고 시현과 ‘재정국 차관’(조우진)이 강하게 대립하는 가운데, 시현의 반대에도 불구하고 ‘IMF 총재’(뱅상 카셀)가 협상을 위해 비밀리에 입국하는데… ,
,
위기를 막으려는 사람과 위기에 베팅하는 사람, ,
그리고 회사와 가족을 지키려는 평범한 사람, ,
1997년, 서로 다른 선택을 했던 사람들의 이야기가 시작된다!				","
							1997년 12월 3일. 대한민국은 IMF에 구제금융을 요청함으로써 경제 주권을 잃었다. 대규모 구조조정과 비정규직 노동자의 증가를 야기한 IMF 금융위기는 한국 사회의 풍경을 완전히 바꿔놓았다. 영화 <국가부도의 날>은 아시아의 신흥 강국으로 평가받던 대한민국이 순식간에 국가 부도의 위기에 직면하게 된 1997년 겨울의 급박한 상황을 재구성한 작품이다. ...							",최국희,"김혜수,유아인,허준호,조우진,뱅상 카셀,김홍파,엄효섭,송영창,권해효,조한철",6.57,7.00
"http://image.cine21.com/resize/cine21/poster/2020/0128/11_16_37__5e2f9985385e6[X230,330].jpg",히트맨,개봉일 : 2020-01-22,,"코미디, 액션","
					
									웹툰 작가가 되고 싶어 국정원을 탈출한,
비밀 프로젝트 방패연 출신 전설의 암살요원 '준'.,
그러나 현실은 연재하는 작품마다 역대급 악플만 받을 뿐이다.,
술김에 그리지 말아야 할 1급 기밀을 그려버리고,
예상치 않게 웹툰은 하루아침에 초대박이 나지만,,
그로 인해 '준'은 국정원과 테러리스트의 더블 타깃이 되는데...,
,
,				","
							어린 시절 부모를 여읜 준(권상우)은 덕규(정준호)의 제안을 받고 국정원의 암살 요원이 된다. 그러나 웹툰 작가가 되고 싶었던 준은 자신을 비밀리에 사고사로 처리한 뒤 국정원을 탈출한다. 이름까지 수혁으로 바꾼 후 준은 꿈에 그리던 웹툰 작가 데뷔에 성공하지만 현실은 생각처럼 녹록지 않다. 쫓기는 듯한 마감과 낮은 조회수, 악성댓글에 매일같이 시달리던 그는 술김에 국...							",최원섭,"권상우,정준호,황우슬혜,이이경,이지원,허성태,조운,허동원,이준혁,이중옥",5.50,6.50
"http://image.cine21.com/resize/cine21/poster/2020/0210/11_27_16__5e40bf8479be4[X230,330].jpg",휴가,,,"드라마, 판타지","
					
									하늘에서 3일의 휴가를 받아 내려온 엄마가 딸의 곁에서 지내며 벌어지는 기적 같은 순간을 담은 판타지 드라마				",,육상효,"김해숙,신민아,강기영,황보라",,
"http://image.cine21.com/resize/cine21/poster/2014/0205/12_16_39__52f1ad17c8b38[X230,330].jpg",디셈버,개봉일 : 2014-02-20,누적관객 : 307명,"멜로·로맨스, 드라마","
					
									‘1월’이라는 자막이 뜨면 두 남녀가 새벽 도심을 걷고 있다. 무의미하고 사소한 말장난을 나누며 그들은 걷는다. 러브 스토리인가? ‘2월’, ‘3월’ 자막이 뜨고 이어지는 상황들은 시간 연대기가 뒤바뀌고 관계가 얽히는 가운데 관객을 살짝 혼란에 빠트린다. 서사구조의 뒤틀림을 통해 정서의 무늬를 남기고자 하는 특이한 시도의 영화다. 				",,박정훈,"신명진,김동원,윤신,오아연",,
"http://image.cine21.com/resize/cine21/poster/2019/0911/11_06_04__5d78568c30fda[X230,330].jpg",가장 보통의 연애,개봉일 : 2019-10-02,,멜로·로맨스,"
					
									전 여친에 상처받은 ‘재훈’(김래원). ,
여느 때처럼 숙취로 시작한 아침, ,
모르는 번호의 누군가와 밤새 2시간이나 통화한 기록을 발견하게 되고  ,
그 상대가 바로! 통성명한 지 24시간도 채 되지 않은 직장 동료 ‘선영’임을 알게 된다. ,
,
남친과 뒤끝 있는 이별 중인 ‘선영’(공효진). ,
새로운 회사로 출근한 첫날, 할 말 못 할 말 쏟아내며 남친과 헤어지던 현장에서,
하필이면! 같은 직장의 ‘재훈’을 마주친다.,
,
만난 지 하루 만에 일보다 서로의 연애사를 더 잘 알게 된 두 사람. ,
하지만 미묘한 긴장과 어색함도 잠시 ,
‘한심하다’, ‘어이없다’ 부딪히면서도 마음이 쓰이는 건 왜 그럴까?				","
							이제 막 중소 광고 회사로 이직한 선영(공효진)은 입사 날 아침 바람난 남자친구와 헤어진 상태다. 그의 새 일터에서 만난 기획팀장 재훈(김래원) 역시 최근에 애인과 관계가 끝났는데, 청첩장까지 돌린 여자와 파혼한 충격을 잊기 위해 매일 밤 술을 마시고 주사를 부린다. 얼떨결에 알게된 서로의 사생활을 아무 생각 없이 떠들다 들켜 괜히 어색해진 선영과 재훈. 급기야 재훈...							",김한결,"김래원,공효진,강기영,정웅인,장소연,이채은,정혜린,손우현,박근록,주민경",7.00,7.57
"http://image.cine21.com/resize/cine21/poster/2016/0818/11_23_15__57b51c13e501f[X230,330].jpg",서울역,개봉일 : 2016-08-17,,애니메이션,"
					
									,
									대한민국의 사회, 역사, 시대를 관통하는 서울역,
어느 날, 치유가 불가능한 상태의 노숙자가 비틀거리는 가운데,
집을 나온 소녀(심은경)와 남자친구(이준), 그리고 딸을 찾는 아버지(류승룡)가 이 곳에 함께 한다.,
이윽고 서울역을 시작으로 이상 바이러스가 퍼지기 시작하고,,
서울은 삽시간에 통제불능 상태가 되는데…,
,
,				","
							거두절미, 단도직입! <부산행>이 충무로 상업영화에 좀비라는 ‘이질적’인 요소를 접합시키기 위해 대중적인 수를 두었다면, 그 프리퀄로 포지셔닝한 <서울역>은 애초 에둘러 말하려는 의도가 전혀 없어 보인다. 영화의 시작과 동시에 좀비 바이러스에 감염된 노숙자가 등장하는데, 마침 그가 기거하는 곳은 ‘서울역’이다. 냄새나고 갈 곳 없는 노숙자는 이곳...							",연상호,"류승룡,심은경,이준,김재록,장혁진,김종수,한성수,명승훈,황석정,이상희",6.71,5.82
"http://image.cine21.com/resize/cine21/poster/2015/0107/13_33_26__54acb716ae0ee[X230,330].jpg",워킹걸,개봉일 : 2015-01-07,"누적관객 : 2,369명",코미디,"
					
									“그것 좀 치워줄래?” ,
남편과의 섹스보다 업무성과가 좋을 때 쾌감을 느끼는 워커홀릭 보희(조여정). 직장에서는 최고 에이스, 가정생활은 형편없는 보희는 승진을 앞둔 중요한 프레젠테이션에서 치명적인 실수를 저질러 해고를 당한다. 엎친 데 덮친 격, 집에서 그녀를 기다리는 건 남편의 이별통보가 담긴 메세지뿐! ,
  ,
“설마 아직도 못 느껴봤어?” ,
섹스샵 오너이자 제대로된 엔조이(?) 세계의 전도사 난희(클라라). 여자는 그것(?) 느껴본 여자와 못 느껴본 여자로 나뉜다는 그녀만의 철학으로 누구보다 섹스에 대해 박학다식하다. 그러나 정작 본인의 섹스샵은 빨간딱지로 가득한데…… ,
  ,
누구보다 완벽할것 같지만 정작 실체는 허당인 그녀들. 하루 아침에 쪽박 인생이 된 두 워킹걸의 은밀한 동업이 시작된다! 				","
							장난감 회사의 잘나가는 마케터 보희(조여정)는 워크홀릭이다. 하루 종일 일에 매달리다보니 남편(김태우)과의 잠자리도 피곤하다. 그런 보희가 남자깨나 ‘밝히는’ 여자로 보이는 이웃집 여자 난희(클라라)의 택배를 잘못 수령해 해고까지 당한다. 화가 난 보희는 난희와 한바탕 싸움을 벌이다 되레 언니 동생하는 사이가 된다. 알고보니 난희는 성인용품숍의 CEO로서 자신이 판매...							",정범식,"조여정,클라라,김태우,김보연,라미란,배성우,조재윤,김기천,김영옥,고경표",3.67,3.50
