movie_poster,movie_title,movie_engtitle,movie_date,movie_audience,movie_genre,movie_story,movie_review,movie_director,movie_actor,movie_cine,movie_netizens
"http://image.cine21.com/resize/cine21/poster/2020/0508/56160_5eb4f1ba68155[X230,330].jpg",저 산 너머,,개봉일 : 2020-04-30,"누적관객 : 103,118명",드라마,"
					
									,
									1928년 일제강점기, 세상에서 가장 사랑하는 엄마와 아픈 아버지를 위해,
신부보다 인삼장수가 되고 싶은 7살 소년 수환은,
자신의 마음밭에 심어진 믿음의 씨앗을 키워가며 저 산 너머에 있을 고향을 찾아간다				","
							독실한 천주교 집안의 막내 수환(이경훈)은 동네에서 ‘순한’이라고 불릴만큼 선한 심성을 지녔다. 교실에서 방귀를 뀐 친구가 부끄러워할까봐 수환 자신이 부끄러워하고, 시집간 누이가 낳은 또래의 조카와 몸싸움을 벌인 끝에 이기고 나서도 연민의 감정이 들어 고개를 파묻고 눈물을 흘린다. <저 산 너머>는 고 김수환 추기경의 어린 시절을 소박하게 그린 드라마다. ...							",최종태,"이항나,이경훈,안내상,강신일,송창의,이열음,황현빈,임한빈,우현,김영재",5.00,8.00
"http://image.cine21.com/resize/cine21/poster/2020/0521/15_24_08__5ec61e88c259a[X230,330].jpg",루팡 3세: 더 퍼스트,"ルパン三世 The First,Lupin III: The First",개봉일 : 2020-05-21,"누적관객 : 8,808명",애니메이션,"
					
									세상의 운명을 바꿀 비밀이 담겨 있는 브레송 다이어리.,
어느 날, 다이어리가 전시된 브레송 회고전에 ‘루팡 3세’의 예고장이 날아들고, 다이어리를 노리는 비밀 조직 역시 고고학도 ‘레티시아’를 이용해 이를 가로채려고 하는데…,
 ,
,				",,야마자키 다카시,"쿠리타 칸이치,히로세 스즈,후지와라 타츠야",,
"http://image.cine21.com/resize/cine21/poster/2020/0522/15_37_26__5ec773265718e[X230,330].jpg",카메론 포스트의 잘못된 교육,The Miseducation of Cameron Post,개봉일 : 2020-06-04,"누적관객 : 2,211명",드라마,"
					
									,
									지극히 평범한 일상을 보내는 소녀 ‘카메론’은,
자신의 연인 ‘콜리’와 아슬아슬한 관계를 이어가다,
보수적인 가족들에 의해 작은 교회가 운영하는,
‘동성애 치료 센터’에 강제 입소하게 된다.,
자신의 성 정체성을 부정하고 교육하는 학교에서,
‘카메론’은 진짜 자신의 모습을 찾아 나서는데…				","
							아슬아슬한 연애를 이어가던 카메론(클로이 머레츠)과 콜리(퀸 셰퍼드)는 졸업 파티에서 예기치 못한 상황을 맞이한다. 결국 이들의 비밀이 공개되고, 카메론은 가족들에 의해 교회에서 운영하는 동성애 치료 센터에 입소하게 된다. 센터를 운영하는 마쉬 박사(제니퍼 엘)와 릭 목사(존 갤러거 주니어)에 의하면 애초에 동성애는 존재하지 않는 개념이다. 동성에게 끌리는 ‘죄’만이...							",디자이리 아카반,"클로이 모레츠,제니퍼 엘,사샤 레인,퀸 쉐퍼드,마린 아일랜드,존 갤러거 주니어",6.00,
"http://image.cine21.com/resize/cine21/poster/2020/0513/10_56_17__5ebb53c1f2191[X230,330].jpg",비커밍 제인,Becoming Jane,개봉일 : 2020-05-21,"누적관객 : 216,723명","멜로·로맨스, 드라마","
					
									영국 햄프셔에서 작가를 꿈꾸던 제인 오스틴 앞에 나타난,
부와 명예를 가진 청혼남 위슬리와,
도시에서 온 가난한 변호사 톰 르프로이,
,
인생을 바꿀 선택의 기로에 선 제인은,
자신만의 방식으로 사랑에 전부를 바치는데…				","
							<오만과 편견> <센스, 센서빌리티> <설득> 등. 제인 오스틴의 여자들은 항상 돈과 사랑을 두고 겨룬다. 극성인 어머니와 예의와 이성에 따라 행동하려는 딸의 구도로 벌어지는 싸움이지만 이는 그 시대 여성들이 고민해야 하는 상반된 두 가지 요소를 반영한다. 가부장 중심적인 사회에서 좋은 가문과 결혼해 지극히 평범한 삶을 이어갈지, 자신...							",줄리안 자롤드,"앤 해서웨이,제임스 맥어보이,줄리 월터스,매기 스미스,제임스 크롬웰,안나 맥스웰 마틴,로렌스 폭스",6.00,7.41
"http://image.cine21.com/resize/cine21/poster/2020/0511/15_00_18__5eb8e9f266b37[X230,330].jpg",싸커 퀸즈,Queens of the Field,개봉일 : 2020-05-27,"누적관객 : 1,505명","코미디, 드라마","
					
									,
									축구의 도시 클루리에,,
오래된 전통을 가진 챔피언 축구 클럽 SPAC은,
결승전을 앞두고 해체 위기에 놓이게 된다.,
,
코치 ‘마르코’는 클럽을 살리기 위해,
정예 여자 선수단을 모집하고,,
필드 근처에도 가보지 못한 초보 선수들과,
웃픈 상황 속 특급 훈련을 시작하는데…,
,
과연, 그들은 마지막 경기에서 우승할 수 있을까?				","
							프랑스의 작은 마을 클루리에의 90년 전통을 자랑하는 축구팀은 경기도중 몸싸움을 벌여 시즌 결승전 3경기를 남기고 출전이 금지된다. 설상가상으로 대체 선수를 구하지 못하면 축구 클럽이 와해될 위기에 놓인다. 팀의 코치인 마르코(카드 므라드)는 주변의 반대에도 불구하고 여자 팀을 구성하기로 결정한다. 클럽 회계 담당 스테파니(셀린 살레트), 클럽설립자의 손녀이자 운영자...							",모하메드 하미디,"카드 므라드,알반 이바노프,셀린느 살레트,사브리나 와자니,로르 칼라미,귀욤 고익스",6.00,
"http://image.cine21.com/resize/cine21/poster/2020/0520/14_55_10__5ec4c63e80acd[X230,330].jpg",아홉 스님,,개봉일 : 2020-05-27,"누적관객 : 17,192명",다큐멘터리,"
					
									,
									한국 불교 역사상 최초, 천막 동안거를 통해 정진하게 된 아홉 스님들.,
살을 에는 한겨울, 난방 기구 하나 없이 폐쇄된 천막에서,
7개의 엄격한 규칙과 함께 참선의 90일이 시작되고,,
단 한 벌의 옷과 하루 한 끼의 극한 수행을 버티면서도,
신음 소리 한 번 내지 않던 스님들에게 위기가 찾아오는데….,
,
,				","
							아홉 스님들이 2019년 11월부터 90일간 극한의 천막 동안거를 시작한다. 사찰을 벗어난 노숙 수행을 계획했던 것이 비닐로 지은 무문관 천막 노숙 정진으로 이어진 것으로, <아홉 스님>은 그 수행의 과정을 기록한 다큐멘터리다. 천막 동안거 기간 스님들은 7가지 규칙을 지켜야 한다. 하루 14시간 이상 정진하고, 공양은 하루 한끼만 하며, 한벌의 옷으로 9...							",윤성준,"자승,무연,진각,호산,성곡,재현,심우,도림,인산",5.50,
"http://image.cine21.com/resize/cine21/poster/2020/0506/18_58_11__5eb28a3322aea[X230,330].jpg","안녕, 미누",Free Minu,개봉일 : 2020-05-27,"누적관객 : 1,808명",다큐멘터리,"
					
									고향집 뒷산 히말라야는 몰라도 ‘목포의 눈물’이 애창곡인 네팔사람 ‘미누’.,
스무 살에 한국에 와 식당일부터 봉제공장 재단사, 밴드 보컬까지 18년.,
한국을 누구보다 사랑하며 청춘을 바쳤지만 11년 전 강제 추방당했다.,
네팔로 돌아가 어엿한 사업가로 성장하고도 한국이 사무치게 그립다.,
그런 미누를 위해 옛 밴드 멤버들이 네팔에 날아와 함께 무대에 선다.,
눈에는 눈물이 맺히고, 마이크를 잡은 목장갑 손이 한없이 떨리는 미누.,
꿈만 같던 공연이 끝나고 미누는 “나 이제 죽어도 좋아”라며 환히 웃는데…,
​,
,				","
							<안녕, 미누>는 한국 이름 ‘미누’로 살면서, 한국 노래를 유창하고 구슬프게 불렀던 네팔 남자 미노드 목탄에 관한 기록이다. 미누는 1992년 20살에 한국에 와 청년기 내내 식당과 공장을 오가며 노동했고, 일하지 않을 땐 밴드 보컬로 활동했다. 그러나 11년 전, 정부는 미등록 이주노동자인 미누를 강제추방했고 그는 고국으로 돌아가야만 했다. <안녕...							",지혜원,"미노드 목탄,소모뚜,소띠하",6.33,10.00
"http://image.cine21.com/resize/cine21/poster/2020/0514/15_00_45__5ebcde8d07d39[X230,330].jpg","조금씩, 천천히 안녕","長いお別れ,A Long Goodbye",개봉일 : 2020-05-27,"누적관객 : 5,560명","드라마, 가족","
					
									,
									아버지의 70번째 생일날,,
두 딸 ‘마리’와 ‘후미’를 불러 모은 어머니는,
아버지가 치매에 걸렸다는 충격적인 소식을 전한다. ,
,
“많은 것들이 점점 멀어져…”,
,
‘후미’네 가족은 서서히 기억을 잃어가는 아버지와 헤어짐을 준비하며,
자신의 아픔과 서로의 상처를 조금씩 보듬어가기 시작하는데…,
,
,				","
							2007년, 아버지 쇼헤이(야마자키 쓰토무)의 70번째 생일을 맞아 어머니 요코(마쓰바라 지에코)가 딸들을 부른다. 결혼 후 미국에 살고있는 첫째 딸 마리(다케우치 유코)와 자신만의 식당을 열고 싶어 하는 둘째 딸 후미(아오이 유우)다. 아버지가 이전과 다르다는 것을 눈치챈 두딸은 그가 치매에 걸렸다는 것을 알게 된다. 그렇게 아버지의 병과 함께 가족의 시간은 흘러간...							",나카노 료타,"아오이 유우,다케우치 유코,마츠바라 치에코,야마자키 츠토무,키타무라 유키야,나카무라 토모야,코이치 만타로",6.33,
"http://image.cine21.com/resize/cine21/poster/2020/0514/15_40_47__5ebce7ef6c098[X230,330].jpg",미스비헤이비어,Misbehaviour,개봉일 : 2020-05-27,"누적관객 : 24,776명",드라마,"
					
									,
									여자라는 이유만으로 학계에서 무시당하지만,
실력으로 이기겠다는 여성 운동가이자 역사가 ‘샐리’(키이라 나이틀리),
​,
성적 대상화의 주범 미스월드에,
한 방 먹일 작전을 짠 페미니스트 예술가 ‘조’(제시 버클리),
​,
역사상 최초의 미스 그레나다로서,
흑인 아이들에게 희망을 전하고 싶은 ‘제니퍼’(구구 바샤-로),
​,
1970년, 달 착륙과 월드컵 결승보다 더 많은 1억 명이 지켜본 ‘미스월드’,
​,
성적 대상화를 국민 스포츠로 만든 미스월드에 맞서,
자신의 스타일대로 진정한 자유를 외친 여성들의 유쾌한 반란이 시작된다!				","
							1970년 런던. 한쪽에선 신체 사이즈로 여성의 몸을 평가하는 ‘미스월드’대회 준비가 한창이고, 또 다른 쪽에선 여성을 성적 대상화하는 미인대회에 반대하는 여성해방운동의 움직임이 일고 있다. 대학에서 역사를 공부하는 샐리(키라 나이틀리)는 여성 컨퍼런스에서 만난 페미니스트 예술가 조(제시 버클리)와 함께 미스월드 반대 시위를 준비한다. 한편 미스월드 대회에 출전한 최...							",필립파 로소프,"키이라 나이틀리,제시 버클리,구구 바샤-로,수키 워터하우스,레슬리 맨빌,킬리 호위스,리스 이판,그렉 키니어,필리스 로건,필리스 로건",6.00,8.00
"http://image.cine21.com/resize/cine21/poster/2020/0429/10_48_07__5ea8dcd71cd28[X230,330].jpg",초미의 관심사,Jazzy Misfits,개봉일 : 2020-05-27,"누적관객 : 14,876명",드라마,"
					
									,
									이태원에서 가수 ‘블루로 활동하며 주가를 올리고 있는 ‘순덕’(김은영).,
어느 날 성격 차이로 별거(?) 중이었던 엄마(조민수)가 들이닥쳐 엄청난 소식을 전한다.,
막내가 엄마의 가겟세와 ‘순덕’의 비상금을 들고 튀었다는 것!,
,
괘씸한 막내를 쫓기 위해 두 사람은 단 하루, 손을 잡기로 합의하고 이태원을 누비기 시작한다.,
그러나 극과 극의 성격을 가진 두 사람은 사사건건 부딪히기 시작하고,,
추적 끝에 밝혀지는 막내의 비밀은 수상하기 짝이 없는데...,
,
,				","
							‘블루’라는 예명으로 가수 활동 중인 순덕(김은영)은 어느 날 엄마(조민수)의 갑작스러운 방문에 당황한다. 자유로운 영혼이면서 한편으론 불같은 성질을 지닌 엄마는 오랜만에 만난 순덕에게 다짜고짜 화를 낸다. 다름 아닌 막내 유리(최지수)가 엄마의 가겟세를 갖고 달아났다는 것. 심드렁하던 순덕은 자신의 비상금마저 동생 유리에게 털렸다는 것을 알게 되자 엄마와 함께 동생...							",남연우,"조민수,치타,테리스 브라운",6.25,7.00
"http://image.cine21.com/resize/cine21/poster/2020/0518/15_51_11__5ec2305fd199c[X230,330].jpg",언더워터,Underwater,개봉일 : 2020-05-27,"누적관객 : 101,385명","액션, 스릴러","
					
									,
									30일 동안 해저 시추 시설에서 엄청난 압력을 견디며 바다의 밑바닥을 뚫어야 하는 캐플러 기지의 대원들.,
어느 날, 큰 지진으로 콘크리트 구조물을 뚫고 급류가 들이 닥쳐 기지는 순식간에 파괴되고 대혼란이 일어난다.,
,
갑작스런 대재앙 속에서 가까스로 살아남은 대원들은 전기 엔지니어 노라를 비롯한 5명.,
이들이 시도해 볼 수 있는 유일한 방법은 또 다른 해저 기지 ‘로우벅’으로 이동해 탈출 포트를 찾는 것 뿐.,
,
하지만 어두운 심해엔 그들만이 존재하는 것이 아니었다.,
무언가 그들을 바짝 따라오고 있다.,
불가사의한 포식자와 쫓고 쫓기는 위험천만한 게임에 갇혀버린 대원들.,
살아남기 위해선 남은 용기를 전부 쥐어 짜내야만 한다. .,
,
,				","
							해저 11km 부근에서 지진이 발생한다. 시추시설 ‘케플러’에 머물던 노라(크리스틴 스튜어트)는 조금 늦게 사태를 인지한다. 300여명의 대원 중 탈출한 일부를 제외하고 대부분은 사망한다. 노라와 선장 루시앙(뱅상 카셀)을 비롯해 남은 자는 고작 6명뿐이다. 이들은 1.6km 떨어진 ‘로우벅’ 기지로 이동하기로 결정하고, 무거운 슈트를 입고 물속을 걷는다. 그러다 모...							",윌리엄 유뱅크,"크리스틴 스튜어트,뱅상 카셀,T.J. 밀러,제시카 헨윅,존 갤러거 주니어,마무두 아티",5.00,6.50
"http://image.cine21.com/resize/cine21/poster/2020/0513/11_00_24__5ebb54b8d5f7d[X230,330].jpg",그집,"Malasana 32,32 Malasana Street",개봉일 : 2020-05-27,"누적관객 : 27,889명","스릴러, 공포","
					
									,
									1976년 스페인 마드리드, 새 출발을 꿈꾸며 도시로 이주한 6명의 가족.,
그들이 이사한 ‘그 집’에는 수상한 기운이 감돌기 시작하고,,
마침내 가족의 꿈은 악몽이 되고 마는데...				","
							마놀로(이반 마르코스)는 6명의 가족과 함께 시골 생활을 접고 스페인 마드리드로 이사를 온다. 말라사나가 32번가에 새로운 보금자리를 마련한 가족은 희망에 부풀어 있다. 하지만 그들은 얼마 지나지 않아 집에서 이상한 현상들을 마주하게 되고, 편안해야 할 공간이 서서히 끔찍한 곳으로 변해간다. <그집>은 1976년 스페인 마드리드 말라사나가 32번지에서 일어...							",알버트 핀토,"베고냐 바르가스,이반 마르코스,베아 세구라,세르지오 카스텔라노스,이반 레네도,호세 루이스 데 마다리아가",6.00,5.00
"http://image.cine21.com/resize/cine21/poster/2020/0518/11_40_40__5ec1f5a87b0f6[X230,330].jpg",초능력소년사건,"超能事件,The Lapse",개봉일 : 2020-05-28,누적관객 : 518명,"판타지, 액션, 스릴러, 드라마, SF","
					
									,
									우연한 사고로 초능력을 갖게 된 소심한 대학생 ‘청밍’,
단, 능력을 쓸 때마다 기억도 조금씩 사라진다.,
,
사고 당시 같이 있었던 짝사랑 상대 ‘린’과 절친한 형 ‘훼이’,
세 사람은 청밍의 능력과 일상을 스마트폰으로 찍으며 함께 어울린다.,
,
초능력이 생겼지만 여전히 팍팍한 현실에 지쳐가는 청밍,
그는 훼이의 부추김에 떠밀려 현금 수송차를 털기로 하는데……				","
							아픈 어머니를 간호하며 성실하게 학교생활을 하던 청밍(동청밍)은 우연한 사고로 인생이 뒤바뀐다. 유성이 떨어지던 저녁, 짝사랑하는 린(진의함)을 구하려다 차에 치였는데 어쩐 일인지 초능력을 얻게 됐기 때문이다. 사고 현장에 함께 있던 친한 형 훼이(주아휘)까지 세 사람은 청밍의 능력을 신기해하며 많은 시간을 보내고, 각자의 스마트폰으로 일상을 기록한다. 하지만 청밍의...							",채수응,"동청밍,진의함,주아휘",4.00,
"http://image.cine21.com/resize/cine21/poster/2020/0526/18_00_48__5eccdac09c81e[X230,330].jpg",국도극장,Somewhere in Between,개봉일 : 2020-05-29,누적관객 : 312명,드라마,"
					
									,
									만년 고시생 기태가 고향 벌교로 돌아왔다.,
사법고시가 폐지되어 고시생이라는 그 서글픈 타이틀마저 이제는 쓸 수 없게 되었다.,
유배지로 향하듯 돌아온 고향엔 그다지 반가운 사람도, 반겨주는 사람도 없다.,
,
생계를 위해 낡은 재개봉 영화관 ‘국도극장’에서 일을 시작하는 기태.,
간판장이 겸 극장 관리인 오 씨는 ‘급하시다 해서 잠깐 도와주러’ 왔다는 기태가 못마땅하다.,
,
우연히 만나게 된 동창생이자 가수 지망생 영은은 기태와 달리 24시간을 쪼개 쓰며 여러 일을 전전하고,,
밤낮없이 술에 취해 있는 오 씨는 기태의 말동무가 되어준다.,
자식들을 위해 몸 아픈 것도 돌보지 않는 엄마는 여전히 안쓰럽다.,
기태는 왠지 이 사람들과, 다시 돌아온 고향이 싫지만은 않다.,
,
,				","
							사법고시 장수생 기태(이동휘)는 원치 않게 고향에 내려오게 된다. 그가 소개받은 일터는 오씨(이한위)가 직접 그린 포스터가 걸리고 방송국에서 희귀 문화재 체험하듯 가끔 취재도 오는 ‘국도극장’. 기태는 고향에서 잘 기억나지 않는 초등학교 동창 영은(이상희)을 만나면서 뜻밖의 전환점을 맞이하게 된다. 전지희 감독이 마흔살에 시나리오를 쓴 그의 첫 장편영화 <국도극...							",전지희,"이동휘,이한위,신신애,이상희,김서하,서현우,임성재,강태우,윤영민",6.33,
"http://image.cine21.com/resize/cine21/poster/2020/0414/10_43_16__5e951534a409c[X230,330].jpg",패왕별희,"覇王別姬,Farewell My Concubine",개봉일 : 2020-05-01,누적관객 : 27명,드라마,"
					
									어렸을 때부터 함께 경극을 해온 ‘두지’(장국영)와 ‘시투’(장풍의). ,
세상에 둘도 없는 절친한 아우와 형이지만, ,
‘두지’는 남몰래 ‘시투’에 대한 마음을 품고 있다.,
,
하지만 ‘시투’는 여인 ‘주샨’(공리)에 마음을 빼앗기고, ,
그로 인해 ‘두지’는 감정의 소용돌이에 빠지게 되는데…,
,
,				",,첸 카이거,"장국영,공리,장풍의,게유",8.40,
"http://image.cine21.com/resize/cine21/poster/2020/0518/16_02_26__5ec2330292fca[X230,330].jpg",매드맥스: 분노의 도로,Mad Max: Fury Road,개봉일 : 2020-06-04,"누적관객 : 3,895,438명","액션, 스릴러","
					
									,
									핵전쟁으로 멸망한 22세기. 얼마 남지 않은 물과 기름을 차지한 독재자 임모탄 조가 살아남은 인류를 지배한다.,
한편, 아내와 딸을 잃고 살아남기 위해 사막을 떠돌던 맥스(톰 하디)는 임모탄의 부하들에게 납치되어 노예로 끌려가고, 폭정에 반발한 사령관 퓨리오사(샤를리즈 테론)는 인류 생존의 열쇠를 쥔 임모탄의 여인들을 탈취해 분노의 도로로 폭주한다. ,
이에 임모탄의 전사들과 신인류 눅스(니콜라스 홀트)는 맥스를 이끌고 퓨리오사의 뒤를 쫓는데... ,
끝내주는 날, 끝내주는 액션이 폭렬한다!,
 				",,조지 밀러,"톰 하디,샤를리즈 테론,니콜라스 홀트,휴 키스-번,조 크라비츠,로지 헌팅턴-휘틀리,라일리 코프,메간 게일,애비 리,코트니 이튼",8.88,8.40
"http://image.cine21.com/resize/cine21/poster/2020/0522/11_47_10__5ec73d2e0a93d[X230,330].jpg",레미: 집 없는 아이,"Remi sans famille,Remi: Nobody’s Boy",개봉일 : 2020-05-28,"누적관객 : 3,982명","어드벤처, 드라마, 가족","
					
									,
									자신이 버려진 아이란 걸 알게 된 소년 레미는,
어느 날 거리의 음악가 비탈리스를 만나게 된다.,
소년이 가진 아름다운 목소리와 노래의 재능을 알아본 비탈리스는,
레미에게 따뜻한 스승이자 인생 멘토가 되어주고,,
두 사람은 동물 친구들과 함께 프랑스 전역을 여행하며 공연을 이어간다.,
,
거듭되는 시련들 속에서도 희망을 잃지 않고 꿈을 노래하던 레미는,
어느 날 자신의 출생에 숨겨진 비밀을 풀어줄 단서를 알게 되는데...,
과연, 레미는 자신의 진짜 가족을 찾을 수 있을까?,
,
,				","
							아름다운 목소리를 소유한 10살 소년 레미(말룸 파킨)는 프랑스 샤바농 마을에서 어머니와 유일한 친구 젖소 루세트와 함께 가난하지만 행복하게 산다. 그러던 어느 날, 다리를 다친 아버지가 집에 돌아오고 레미는 자신이 친아들이 아니라는 충격적인 사실을 알게 된다. 아버지는 아내를 속이고 레미를 고아원에 보내기 위해 마을로 데리고 간다. 아버지의 본심을 알게 된 레미는 ...							",앙트완 블로시에르,"다니엘 오떼유,말룸 파킨,루디빈 사니에,비에르지니 르도엔,조나단 자카이,자끄 페랭",6.00,
"http://image.cine21.com/resize/cine21/poster/2019/0925/18_03_53__5d8b2d79bc342[X230,330].jpg",양자물리학,By Quantum Physics: A Nightlife Venture,개봉일 : 2019-09-25,,범죄,"
					
									‘생각이 현실을 만든다’라는 양자물리학적 신념을 인생의 모토로 삼은 유흥계의 화타 ‘이찬우’,
,
어느 날 유명 연예인이 연루된 마약 파티 사건을 눈치챈다.,
“불법 없이! 탈세 없이!” 이 바닥에서도 혁신이 일어나야 한다고 믿는 그는,
오랫동안 알고지낸 범죄정보과 계장 ‘박기헌’에게 이 정보를 흘린다.,
,
단순한 사건이라고 생각했던 마약파티가 연예계는 물론 검찰, 정치계까지 연루된 ,
거대한 마약 스캔들임을 알게 된 '이찬우'.,
이제는 살기 위해 거대 권력과 맞서야 하는 상황.,
,
'이찬우’는 ‘박기헌’ 계장을 비롯해 황금인맥을 자랑하는 업계 퀸 ‘성은영’ 등 업계 에이스들과 함께 이 사건을 파헤치기로 한다.,
,
,				","
							유흥업계의 화타 이찬우(박해수)는 실력 있는 프로듀서 성은영(서예지)과 사업파트너가 되며 성공에 한 발짝 더 가까워진다. 그러나 자신의 클럽에서 목격한 인기 가수의 마약 스캔들이 정재계 인사로까지 번져나가며 찬우는 거대한 게이트에 휘말리게 된다.검찰과 언론, 경찰과 청와대의 팽팽한 줄다리기 속에서 자신을 지켜줄 사람은 찬우 자신뿐이다. 비밀을 간직한 여인 은영,...							",이성태,"박해수,서예지,김상호,김응수,변희봉,김영재,이창훈,임철수,현봉식,주석태",4.50,4.80
"http://image.cine21.com/resize/cine21/poster/2011/0613/M0010007_poster[X230,330].jpg",소중한 날의 꿈,Green Days,개봉일 : 2011-06-23,"누적관객 : 52,010명",애니메이션,"
					
									,
									넘어져 버린 이랑이의 꿈..,
그 꿈을 일으켜 줄 친구를 만나다!,
달리기에서만은 한 번도 져 본적 없던 이랑은 계주에서 처음으로 상대에게 추월당하자 지지 않기 위해 일부러 넘어진다. 그 후, 이랑은 육상부 선생님의 끈질긴 설득에도 불구하고 지는 것이 두려워 달리기를 하지 않게 된다. 어느 날 이랑은 레코드 가게에서 서울에서 온 전학생 수민을 만나 친구가 된다. 수민은 얼굴도 예쁘고 어른스러워서 남학생들에게 인기가 많다. 이랑은 항상 자신감 넘치는 수민을 보며 잘하는 것 하나 없는 스스로에 대해 고민하기 시작한다.,
,
선물처럼 나타난 또 다른 친구..,
난생처음 다가온 설레임!,
어느 날 학교에서 철수라는 남학생이 비행실험을 하다 추락해 다치는 소동이 일어나고 이랑은 철수에게 호기심을 갖게 된다. 그러던 중 이랑은 우연히 철수를 만나게 되고 두 사람은 그 날의 비행실험에 대해 이야기를 나누며 가까워진다. 이랑을 자신의 아지트에 초대한 철수는 이랑에게 자신의 발명품을 보여주며 비행과 우주탐사에 대한 꿈을 이야기 한다. 함께 시간을 나누며 서로에 대해 더 알아가기 시작하는 두 사람. 이랑은 첫 만남에서 자신의 이야기에 고개를 끄덕여 준 이랑으로 인해 스스로에게 자신감이 생겼다는 철수의 말에 설레인다.,
,
한편, 꿈과 재능이 넘치는 수민과 철수를 만나며 자신의 미래에 대해 더욱 고민하던 이랑은 다시꿈을 꾸게 되는데 …….,
과연 이랑은 다시 달릴 수 있을까?,
 				","
							꿈 많은 여고생 이랑(박신혜)은 달리기를 잘한다. 그녀에게 달리기는 유일하게 내세울 수 있는 재능이지만 경기에서 뒤처지자 일부러 넘어지면서 친구를 속이고 자기 자신마저 속인다. 그 일로부터 달리기를 그만둔 이랑은 서울에서 전학 온 당찬 성격의 수민(오연서)과 우정을 나누고, 우주비행사가 꿈인 철수(송창의)와 애틋한 첫사랑에 빠지면서 변화를 겪는다.<소중한 ...							","안재훈,한혜진","박신혜,송창의,오연서",7.00,8.00
"http://image.cine21.com/resize/cine21/poster/2019/1204/17_28_34__5de76e32af65e[X230,330].jpg",감쪽같은 그녀,A Little Princess,개봉일 : 2019-12-04,,드라마,"
					
									,
									특기는 자수, 용돈 벌이는 그림 맞추기(?),
동네를 주름 잡으며 나 혼자 잘 살고 있던 ‘말순’ 할매 앞에 ,
다짜고짜 자신을 손녀라고 소개하는 열두 살 ‘공주’가 ,
갓난 동생 ‘진주’까지 업고 찾아온다.,
,
외모, 성격, 취향까지 모든 것이 극과 극인 ‘말순’과 ‘공주’는,
티격태격 하루도 조용할 날 없이 지내지만,,
필요한 순간엔 든든한 내 편이 되어주며 서로에게 특별한 존재가 되어간다.,
하지만 ‘말순’은 시간이 갈수록 ‘공주’와의 동거생활이,
아득하고 깜깜하게만 느껴지는데…				","
							다짜고짜 갓난아기를 업고 말순(나문희)의 집에 찾아온 공주(김수안)는 자신이 말순의 친손녀라고 주장한다. 경치 좋은 마루에서 고스톱을 치며 낭만을 즐기던 말순은 갑자기 나타난 12살 초등학생 손녀와 그 손녀가 동생이라며 데려온 어린 진주 때문에 일상이 꼬여만 간다. 아이가 아이를 돌보는 상황이 그리 순탄할 리 없기에, 공주가 마트에서 증정용 기저귀를 공짜로 가져오려다...							",허인무,"나문희,김수안,고규필,임한빈,강보경,진선미,천우희,심완준,최정윤",5.00,7.33
"http://image.cine21.com/resize/cine21/poster/2012/0314/13_33_43__4f601fa7867c7[X230,330].jpg",해로,"偕老,Hand in Hand",개봉일 : 2012-03-22,"누적관객 : 5,851명","멜로·로맨스, 드라마","
					
									,
									감사합니다. 평생을 함께 해줘서… ,
사랑합니다. 마지막 그 순간까지… ,
삶의 마지막 순간에 찾아온 기적 같은 사랑.,
,
40년을 넘게 함께 살아온 부부, 민호(주현)와 희정(예수정). 하루 하루를 습관처럼 무미건조한 일상을 보내던 어느 날, 남편 민호가 심장마비로 쓰러진다. 다행히 위기를 넘겼지만 언제 다시 위험해질 지 모르는 상태. 민호는 언젠가 자신이 먼저 떠나게 되면 혼자 남겨질 아내가 걱정이 되어 자신의 상태를 숨긴 채 그녀를 위해 작은 선물들을 하나 둘 준비하면서 오랜 세월, 잊고 지내왔던 사랑의 설렘을 느끼게 된다. 삶의 마지막 순간에 다시 찾아온 기적 같은 사랑, 하지만 막을 수 없는 이별의 순간은 하루 하루 다가오는데…   				","
							“삶이 즐겁다면 죽음도 그러해야 한다. 그것은 같은 주인의 손에서 나오기 때문이다.” <해로>는 미켈란젤로의 말을 인용하며 시작한다. 민호(주현)와 희정(예수정)은 40년 넘게 함께 살아온 부부다. 함께 살면 닮아간다는데 이 부부는 그렇지 않다. 꽃가게에 들른 민호는 만개한 꽃들을 보며 “시들면 쓰레기가 될 텐데 왜 꽃들을 사가는지 모르겠다”고 에둘러 아내...							",최종태,"주현,예수정",4.50,6.00
"http://image.cine21.com/resize/cine21/poster/2019/1211/15_55_30__5df092e22bede[X230,330].jpg",아내를 죽였다,Killed My Wife,개봉일 : 2019-12-11,,"액션, 스릴러","
					
									친구와 술을 마신 후 곯아떨어진 ‘정호’는 숙취로 눈을 뜬 다음 날 아침,,
별거 중이던 아내 ‘미영’이 살해당했다는 충격적인 소식을 듣게 된다.,
,
그 순간, 자신의 옷에 묻은 핏자국과 피 묻은 칼을 발견한 ‘정호’.,
가장 강력한 용의자로 지목된 그는 경찰의 눈을 피해 도망친다.,
,
알리바이를 입증하고 싶지만 간밤의 기억은 모두 사라진 상태.,
스스로를 믿을 수 없는 최악의 상황에서,
‘정호’는 어젯밤의 행적을 따라가기 시작하는데…,
,
,				",,김하라,"이시언,안내상,왕지혜,서지영,김기두,이성우,김홍표",9.50,
"http://image.cine21.com/resize/cine21/poster/2019/0822/16_24_41__5d5e4339ebd98[X230,330].jpg",타짜: 원 아이드 잭,Tazza: One Eyed Jack,개봉일 : 2019-09-11,,"범죄, 드라마","
					
									전설적인 타짜 ‘짝귀’의 아들이자 고시생인 ‘일출’(박정민)은 공부에는 흥미가 없지만 포커판에서는 날고 기는 실력자다. 포커판에서 우연히 알게 된 ‘마돈나’(최유화)의 묘한 매력에 빠져든 일출은 그녀의 곁을 지키는 ‘이상무’(윤제문)에게 속아 포커의 쓴맛을 제대로 배운다. 돈도 잃고 자존심까지 무너진 채 벼랑 끝에 몰린 도일출, 그의 앞에 정체불명의 타짜 ‘애꾸’(류승범)가 나타난다.,
,
거액이 걸린 거대한 판을 설계한 애꾸는 전국에서 타짜들을 불러모은다. 일출을 시작으로 셔플의 제왕 까치(이광수), 남다른 연기력의 영미(임지연), 숨은 고수 권원장(권해효)까지 무엇이든 될 수 있고, 누구든 이길 수 있는 ‘원 아이드 잭’ 팀으로 모인 이들, 인생을 바꿀 새로운 판에 뛰어드는데…,
,
,				","
							허영만 원작을 바탕으로 한 <타짜: 원 아이드 잭>은 ‘화투판’이 아닌 ‘포커판’이 주무대이자 포커를 전문으로 하는 도박꾼들의 이야기다. 화려함 뒤에 비정함이 공존하는 '타짜'들의 세계를 엿보는 인물은 고시생 도일출(박정민)이다. 아르바이트를 하던 포커판에서 우연히 만난 마돈나(최유화)에게 빠져, 이상무(윤제문)와 포커 맞짱을 뜨고 실패하기까지. 포커판 입...							",권오광,"박정민,류승범,최유화,우현,윤제문,이광수,임지연,권해효,오동민",5.33,6.50
"http://image.cine21.com/resize/cine21/poster/2019/1113/11_16_57__5dcb67992189c[X230,330].jpg",블랙머니,BLACK MONEY,개봉일 : 2019-11-13,,"범죄, 드라마","
					
									,
									일명 서울지검 ‘막프로’! 검찰 내에서 거침없이 막 나가는 문제적 검사로 ,
이름을 날리는 ‘양민혁’은 자신이 조사를 담당한 피의자가 자살하는 사건으로 인해 ,
하루 아침에 벼랑 끝에 내몰린다. 억울한 누명을 벗기 위해 내막을 파헤치던 그는 ,
피의자가 대한은행 헐값 매각사건의 중요 증인이었음을 알게 된다. ,
,
근거는 의문의 팩스 5장! 자산가치 70조 은행이 1조 7천억원에 넘어간 ,
희대의 사건 앞에서 ‘양민혁’ 검사는 금융감독원, 대형 로펌, 해외펀드 회사가 뒤얽힌 ,
거대한 금융 비리의 실체와 마주하게 되는데… ,
,
,				","
							“검사가 내 편 네 편이 어딨어? 죄 있으면 잡아넣는 거지!” 서울지검에서 소문난, 옳다고 믿는 것을 향해서라면 불도저처럼 밀고 나가는 ‘막프로’ 양민혁(조진웅). 조사를 담당한 피의자가 자살하면서 성추행범으로 몰려 곤경에 처한다. 누명을 벗기 위해 고군분투하던 중에 그는 피의자가 단순 자살한 것이 아닌, 자산가치 70조원에 이르는 은행이 1조 7천억원에 넘어간 거대...							",정지영,"조진웅,이하늬,이경영,강신일,최덕문,조한철,허성태,윤병희,서현철,남명렬",6.00,7.17
"http://image.cine21.com/resize/cine21/poster/2020/0420/11_15_03__5e9d05a7c19e1[X230,330].jpg",사냥의 시간,Time to Hunt,,,스릴러,"
					
									,
									희망 없는 도시, 감옥에서 출소한 ‘준석’(이제훈)은 가족 같은 친구들 ‘장호’(안재홍)와 ‘기훈’(최우식),
그리고 ‘상수’(박정민)와 함께 새로운 인생을 위한 위험한 작전을 계획한다.,
하지만 미래를 향한 부푼 기대도 잠시, 정체불명의 추격자가 나타나 목숨을 노리며 이들을 뒤쫓기 시작한다.,
서로가 세상의 전부인 네 친구들은 놈의 사냥에서 벗어날 수 있을까?,
,
,				",,윤성현,"이제훈,안재홍,최우식,박정민,박해수,이항나,승의열",6.50,5.50
"http://image.cine21.com/resize/cine21/poster/2016/0823/11_16_12__57bbb1ece5587[X230,330].jpg",극장령,"劇場霊,Ghost Theater",개봉일 : 2016-09-01,,"미스터리, 공포","
					
									,
									배우로의 성공을 꿈꾸는 사라는 한 연극의 조연으로 발탁된다. 하지만 그녀의 재능을 시기하는 주연 배우와의 심한 불화를 겪게 되고, 기다렸다는 듯 불길한 사건들이 잇따라 발생한다. 그러던 와중 주연 배우가 사고로 연극에서 하차하고, 그 자리를 사라가 차지하게 된다. 이상한 낌새를 느낀 사라는 인형 담당 스태프인 이즈미와 함께 사건의 진상을 파헤치기 시작하고, 마침내 극장에 기묘한 존재가 있다는 것을 눈치채는데...				",,나카타 히데오,"시마자키 하루카,아다치 리카,타카다 리호,나카무라 이쿠지,코이치 만타로",,
"http://image.cine21.com/resize/cine21/poster/2019/1001/11_03_11__5d92b3dfa7fcd[X230,330].jpg",킹스맨: 퍼스트 에이전트,The King’s Man,개봉일 : 2020-09,,"어드벤처, 액션","
					
									역사상 최악의 폭군들과 범죄자들이 모여 수백만 명을 학살하기 위한 전쟁을 모의하는 급박한 상황 속, 그들을 막아야 하는 한 사람이 있다. ,
,
비밀에 쌓여 있던 독립 정보 기관 ‘킹스맨’의 탄생을 확인하라!				",,매튜 본,"랄프 파인즈,젬마 아터튼,리스 이판,매튜 구드,톰 홀랜더,해리스 디킨슨,다니엘 브륄,디몬 하운스,찰스 댄스",,
"http://image.cine21.com/resize/cine21/poster/2014/0408/14_33_11__53438a1765d3c[X230,330].jpg",비밀과 거짓말,"Secrets & Lies,Secrets & Lies",개봉일 : 2014-04-24,누적관객 : 311명,"코미디, 드라마","
					
									이젠 당신과 모든 걸 나누겠습니다,
런던에 사는 젊고 지적인 여성 호텐스는 양어머니의 장례식 이후, 자신의 생모를 찾고 싶어진다. 자신의 입양기록을 보게 된 호텐스는 자신의 친어머니가 흑인이 아닌 백인임을 알고 혼란스러움을 느끼지만 용기를 내어 전화를 건다. 한편, 공장노동자로 가슴 속에 한과 미련을 품고 살아가는 그녀의 생모 신시아는 딸 록산과도 사이가 좋지 않고 그녀의 삶엔 오로지 한숨뿐이다. 남자들은 모두 그녀를 떠나갔으며 자신을 희생하면서 어렵게 키운 남동생 모리스 마저도 연락을 자주 하지 않는다. 마침내 호텐스와 신시아 모녀의 만남도 이루어지고, 갑작스런 모리스의 제안으로 마련된 록산의 생일파티에서 가족 모두가 조우하게 되는데... 				",,마이크 리,"티모시 스폴,필리스 로건,브렌다 블리신,클레어 러쉬브룩,마리안 장 밥티스트,엘리자베스 베링턴,마이클 오스틴,리 로스,레슬리 맨빌,론 쿡",7.50,
"http://image.cine21.com/resize/cine21/poster/2019/1029/16_04_44__5db7e48cc9a69[X230,330].jpg",머더리스 브루클린,Motherless Brooklyn,,,"범죄, 드라마",줄거리가 없습니다.,,에드워드 노튼,"브루스 윌리스,구구 바샤-로,레슬리 만",,
"http://image.cine21.com/resize/cine21/poster/2020/0325/11_04_37__5e7abc35cabea[X230,330].jpg",나는 5년 전 죽은 남자의 아이를 임신했다,Strange But True,,,스릴러,"
					
									,
									‘로니’가 죽은 지 5년이 지난 어느 날,,
그의 여자친구 ‘멜리사’가 만삭의 모습으로 나타난다,,
5년 전 죽은 ‘로니’의 아이를 임신했다고 밝히는 ‘멜리사’!,
한순간에 과거의 아픔과 충격에 휩싸인 사람들은,
각자의 방식으로 미스터리한 사건의 진실을 파헤치기 시작하는데…,
 ,
이상하지만 진실된, 진실되지만 왜곡된,
충격적인 반전을 마주하라!				",,로완 아타일,"닉 로빈슨,마가렛 퀄리,메나 마수드,에이미 라이언,브라이언 콕스,그렉 키니어",,
"http://image.cine21.com/resize/cine21/poster/2016/0314/17_59_09__56e67d5d90a95[X230,330].jpg",하이-라이즈,High-Rise,개봉일 : 2016-03-30,"누적관객 : 24,600명","액션, 스릴러, 드라마, SF","
					
									,
 ,
세계적인 건축가 안토니 로열이 설계한 40F 타워 ‘하이라이즈’.,
고소득층 사람들만이 입주할 수 있는 이곳은,
모든 편의시설과 서비스가 마련되어 외부로 나갈 필요가 없다.,
얼마 지나지 않아 건물의 치명적 결함이 밝혀지고,
25층에 사는 Dr. 랭은 이웃들의 이상 징후를 발견한다.,
호화로운 파티가 열린 밤, 의문의 추락 사고 이후,
마침내 진짜 하이 라이프의 실체를 목격하게 되는데...,
 ,
,				","
							황폐한 도심에 세워진 초고층 아파트 건물, 하이라이즈. 슈퍼마켓부터 은행, 수영장, 초등학교까지, 웬만한 편의시설을 갖추고 있어 외출이 따로 필요 없는 이곳은 일종의 ‘작은 수직 도시’다. 40층으로 뻗어 있는 아파트에는 대개 부유한 전문직 종사자들이 살고 있다. 신설 의과대학 생리학과에 부교수로 부임한 랭 박사(톰 히들스턴)는 고요하고 단절된 생활을 꿈꾸며 하이라이...							,
							<하이-라이즈>가 개봉 4일 만인 지난 3월30일 관객 1만명을 돌파했다. 다양성영화로 분류된 <하이-라이즈>는 많은 상영관을 확보하지 못했다. 이런 점을 고려하면 관객수 1만명이라는 숫자는 의미가 있다. 게다가 <하이-라이즈>는 톰 히들스턴 주연작으로 눈길을 끄는 작품이만 사실 꽤 난해한 영화다. 매우 논쟁적인 작품인 <하이-라이...							",벤 휘틀리,"톰 히들스턴,제레미 아이언스,시에나 밀러,루크 에반스,엘리자베스 모스,제임스 퓨어포이,킬리 호위스,시에나 걸로리,엔조 실렌티,리스 시어스미스",6.60,
"http://image.cine21.com/resize/cine21/poster/2019/0424/16_19_27__5cc00dff65f9d[X230,330].jpg",명탐정 피카츄,Pokemon Detective Pikachu,개봉일 : 2019-05-09,,"액션, 블록버스터","
					
									,
									기억을 잃은 채 깨어난 피카츄, 난 누구? 여긴 어디? ,
유일한 단서는 탐정모자에 적힌 해리란 이름과 주소. ,
주소 속 아파트에서 자신의 말을 유일하게 알아 듣는, ,
실종된 해리의 아들 팀 굿맨을 만나게 된다. ,
명탐정의 촉으로 이건 그야말로 대.박.사.건! ,
사라진 아빠를 찾기 위해 피카츄와 떠나는 기상천외한 모험이 시작된다. ,
피카피카!				","
							‘포켓몬스터’는 1996년부터 비디오게임, 카드게임, 만화, 애니메이션 등으로 만들어진 다양하고 거대한 멀티미디어 프랜차이즈다. 그렇기 때문에 이 세계관이 보여주는 인간과 포켓몬의 공존 서사를 이해하지 못하면 대체 무슨 이야기인지 종잡을 수가 없을지도 모른다.포켓몬 트레이더의 꿈을 포기한 채 살아가던 팀(저스티스 스미스)은 어느 날 라임시티의 경찰서로부터 아버지...							",롭 레터맨,"라이언 레이놀즈,저스티스 스미스,캐서린 뉴튼,수키 워터하우스,빌 나이,와타나베 켄",5.50,6.50
"http://image.cine21.com/resize/cine21/poster/2019/1004/10_28_57__5d96a05944cb0[X230,330].jpg",말레피센트 2,Maleficent: Mistress of Evil,개봉일 : 2019-10-17,,"판타지, 가족","
					
									강력한 어둠의 요정이자 무어스 숲의 수호자 ‘말레피센트’가 ,
딸처럼 돌봐온 ‘오로라’와 필립 왕자의 결혼 약속으로 ,
인간 왕국의 ‘잉그리스 왕비’와 대립하게 되고 ,
이에 요정과 인간의 연합이 깨지면서 벌어지는 거대한 전쟁을 그린 판타지 블록버스터				","
							무어스 숲의 수호신이자 어둠의 지배자인 말레피센트(안젤리나 졸리)는 딸처럼 키운 오로라 공주(엘르 패닝)와 필립 왕자(해리스 디킨슨)의 결혼약속을 탐탁지 않게 여긴다. 배신당한 과거 때문에 인간을 믿지 못하는 말레피센트는 혼담을 위한 오찬 자리에서 필립 왕자의 어머니인 잉그리스 왕비(미셸 파이퍼)와 팽팽한 언쟁을 나누며 신경전을 벌인다. 그 과정에서 누명을 뒤집어쓴 ...							",요아킴 뢰닝,"안젤리나 졸리,엘르 패닝,미셸 파이퍼,치웨텔 에지오포,샘 라일리,해리스 디킨슨,에드 스크레인,주노 템플,레슬리 맨빌,이멜다 스턴튼",5.50,7.80
"http://image.cine21.com/resize/cine21/poster/2010/0719/M0010015_28[X230,330].jpg",오션스,"Oceans,Oceans",개봉일 : 2010-07-28,"누적관객 : 650,994명",블록버스터,"
					
									,
									,
,
바다는 늘 우리 가까이에 있고, 친근하지만 우리는 바다에 대해서 얼마나 알고 있을까? 지구 표면의 70.8%, 해양 면적은 3억 6,105만 ㎢, 해수 부피는 13억 7,030만 ㎢, 해양의 평균 깊이는 4,117m이며 최대 11,034m에 이르는 미지의 세계 바다. 이 곳에는 우리가 알지 못하는 다양한 해양 생물들이 자기만의 삶의 방식을 가지고 살아가고 있다. ,
,
무려 4억 년간 모습이 변하지 않아 ‘살아 있는 화석’이라 불리는 투구게, 어른 키의 두 배가 넘는 대형해파리, 바다의 배트맨 담요문어, 사랑을 노래하는 혹등고래, 잠수하는 새 가마우지, 지구 상에서 가장 큰 대왕고래, 밤바다의 파수꾼 바다 성게, 변신의 귀재 솔베감펭, 로마시대 병사 같은 거미게 등 바다 속 그들은 바다의 주인으로 수백 만년 동안 긴 여행을 반복한다. 그들의 기나긴 여행을 태평양에서 북빙양까지 우리도 함께 떠나보자.,
,
 				","
							<오션스>의 시작은 포말을 일으키는 바다의 풍광이다. 이어 바다를 바라보는 한 소년의 얼굴을 비춘다. 내레이터는 “이 아이에게 바다에 대해 무엇을 말해줄 수 있는가”라고 묻는다. 태평양 갈라파고스 섬에 살고 있는 바다 이구아나를 첫 번째 주인공으로 내세운 <오션스>는 투구게, 담요문어, 혹등고래, 가마우지, 솔베감펭 등 수많은 바닷속 생물의 일상...							","자끄 페랭,자크 클루조드","자끄 페랭,정보석,진지희,배한성,피어스 브로스넌,미야자와 리에",6.00,7.49
"http://image.cine21.com/resize/cine21/poster/2018/0509/15_38_33__5af2976982f77[X230,330].jpg",밀프,MILF,,,코미디,줄거리가 없습니다.,,악셀 라퐁,"마리-조제 크로즈,비에르지니 르도엔,악셀 라퐁",,
"http://image.cine21.com/resize/cine21/poster/2020/0429/12_37_27__5ea8f677dd360[X230,330].jpg",어쩌다 아스널,"Fourmi,Of Love and Lies",개봉일 : 2020-05-13,"누적관객 : 1,200명",드라마,"
					
									,
									학교 축구팀의 에이스 12세 소년 ‘테오’(말룸 파킨),,
실직 후 알코올 중독에 빠져 이혼하고,
오직 아들의 축구를 보는 것만이 유일한 인생의 낙인 아빠 ‘로랑’(프랑소아 다미앙),
,
어느날 학교에 영국 프리미어리그 아스널의 스카우터가 찾아오고,
‘테오’는 아빠를 위해 아스널 유소년팀에 뽑혔다고 거짓말을 한다.,
,
마을 전체가 ‘테오’의 아스널 입단 소식에 열광하고,
아빠는 아들과 함께 영국에 가기 위해 술을 끊고 영어 공부를 하며 달라지기 위해 노력한다.,
,
,				","
							축구팀 에이스 테오(말룸 파킨)는 아빠 로랑(프랑수아 다미앙)을 위해 아스널 유소년팀에 스카우트되었다고 거짓말을 한다. 술에 절어 살던 로랑은 아들을 위해 영국에서 새 출발을 하겠다며 재기를 다짐하고, 테오는 뿌듯한 한편 마음이 편치만은 않다. 아빠의 성장을 응원하는 아들과 아들의 성공을 기원하는 아빠의 마음이 교차하며 잔잔하게 이야기가 흘러간다. 모든 인물들이 서로...							",줄리앙 라페노,"프랑소아 다미앙,말룸 파킨,라에티샤 도슈",6.00,
"http://image.cine21.com/resize/cine21/poster/2019/1113/11_43_39__5dcb6ddbbcdc2[X230,330].jpg",지진새,Earthquake Bird,,,"스릴러, 범죄, 미스터리",줄거리가 없습니다.,,워시 웨스트모어랜드,"알리시아 비칸데르,라일리 코프",,
"http://image.cine21.com/resize/cine21/poster/2012/0727/37182_501246c1bba53_poster[X230,330].jpg",이프 유 다이,"Si tu meurs, je te tue,If You Die, I'll Kill You",개봉일 : 2012-08-09,누적관객 : 299명,코미디,"
					
									,
									갑작스런 친구의 죽음! 친구의 약혼녀에게 친구의 죽음을 알려라!,
,
얼마 전 교도소에서 출소한 필립(조나단 자카이)은 한 이라크 범죄자를 찾고 있는 쿠르드인 아브달(빌리 데미르타스)을 알게 된다. 필립과 아브달 사이에는 어느덧 우정이 싹튼다.,
프랑스에 정착하는 것이 꿈인 아브달은 약혼녀 시바(골쉬프테 파라하니)를 파리로 부른 상태다.,
그런데 갑작스레 아브달이 숨을 거두고, 필립이 장례식 준비를 도맡게 된다.,
파리에 온 시바는 그제서야 약혼자가 죽었다는 사실을 알게 된다.,
시바는 쿠르드인 동포들의 보살핌을 받으며 필립과도 서서히 친분을 쌓는다. ,
한편 아브달의 아버지 체토(멘데레스 사만실라르)도 뒤이어 파리에 도착하는데… 				","
							필립(조너선 자카이)의 삶은 너덜너덜하다. 갓 교도소에서 출소했기에 직업도 변변찮고 친구도 없다. 어느 날 그는 펍에서 쿠르드인 아브달(빌리 데미르타스)을 만나고, 외로운 두 사람은 금세 우정을 쌓는다. 그런데 비극이 찾아온다. 필립의 집에서 함께 생활하며 약혼녀 시바(골쉬프테 파라하니)가 파리로 오기만을 기다리던 아브달이 갑자기 심장마비로 죽고 만 것. 파리의 쿠르드...							",이네르 살렘,"조나단 자카이,골쉬프테 파라하니,빌리 드미르타스,멘데레스 사만질라",6.00,6.00
"http://image.cine21.com/resize/cine21/poster/2018/1119/14_04_08__5bf244487623f[X230,330].jpg",위시업,Status Update,개봉일 : 2018-12-13,,"멜로·로맨스, 뮤지컬, 코미디","
					
									,
									인생 노잼시기에 나타난 마법같은 APP!! 이제 즐기는 일만 남았다?! ,
 전학과 동시에 찌질이로 등극한 카일은 음색여신 대니를 짝사랑 중이다. ,
 마음은 있지만, 다가갈 방법은 없는 카일! 우연히 소원을 들어주는 어플을 발견하게 되고, ,
 반신반의하지만 원했던 것들을 적어본다. 노래, 인기, 운동실력까지! ,
 모든 것을 이뤄주는 어플 덕분에 한 순간 인기스타로 등극하는데... ,
 과연 카일은 동화같은 삶을 끝까지 지킬 수 있을까?				","
							별거 중인 엄마를 따라 캘리포니아를 떠나 새 학교로 전학 온 카일(로스 린치)의 학교생활은 시작부터 엉망이다. 학교의 인기남 데렉(그레그 설킨) 일당에게 괴롭힘을 당해 휴대폰이 망가지고, 밴드부의 대니(올리비아 홀트)에게 반했지만 노래를 못해 다가가지도 못한다. 망가진 휴대폰을 고치러 가서 만난 남자는 카일에게 ‘유니버스’라는 이름의 앱을 깔아주며 “앱에 원하는 것을...							",스콧 스피어,"로스 린치,올리비아 홀트,코트니 이튼,하비 귈렌,그레그 설킨,롭 리글,브렉 베싱어,웬디 맥클렌돈 코베이",4.00,9.20
"http://image.cine21.com/resize/cine21/poster/2017/0823/12_51_40__599cfbccb7d86[X230,330].jpg",다크타워: 희망의 탑,The Dark Tower,개봉일 : 2017-08-23,,"액션, 블록버스터","
					
									두 개의 차원이 공존하는 세상.,
악의 세력이 세상의 균형을 유지하는 다크타워를 파괴하려 하고, 이를 수호하려는 건슬링어들은 모두 죽임을 당한다. ,
유일하게 혼자 살아남은 최후의 건슬링어 ‘롤랜드’(이드리스 엘바)는 마지막 예지자 '아라 캠피그넌'(수현)에 의해 자신의 숙명을 깨닫고 홀로 악의 추종자인 맨인블랙 ‘월터’(매튜 맥커너히)에 맞선다.,
맨인블랙인 ‘월터’는 세상을 완전히 무너뜨리기 위해 차원을 넘나들며 끊임없이 다크타워를 파괴하려는 계획을 세우고, 이 사실을 알게 된 건슬링어 ‘롤랜드’는 그에 맞서기 위해 두 개의 세상을 오가는데…,
 ,
건슬링어 VS 맨인블랙,
탑의 수호자 VS 악의 추종자,
차원을 넘나드는 운명의 대결이 시작된다!				","
							소년 제이크(톰 테일러)는 밤마다 이상한 꿈을 꾼다. 인간의 탈을 쓴 가짜 인간들이 마을의 소년, 소녀들을 잡아다가 이들의 힘을 이용해 탑을 부수려 한다. 나쁜 꿈을 꾼 날이면 어김없이 제이크가 사는 도시에 커다란 지진이 일어나곤 한다. 제이크는 자신이 꿈속에서 본 이미지를 스케치북에 하나하나 그려둔다. 아이들을 잡아들여 탑을 파괴하려는 자는 ‘맨 인 블랙’ 월터(매...							",니콜라이 아르셀,"이드리스 엘바,매튜 맥커너히,톰 테일러,김수현,캐서린 윈닉,재키 얼 할리,니콜라스 해밀턴,애비 리",4.25,5.00
"http://image.cine21.com/resize/cine21/poster/2019/1106/10_20_44__5dc21fec7f5e8[X230,330].jpg",파비안느에 관한 진실,"La verite,The Truth",개봉일 : 2019-12-05,,드라마,"
					
									자신의 회고록 발간을 앞둔 전설적인 여배우 파비안느(까뜨린느 드뇌브).,
이를 축하하기 위해 딸 뤼미르(줄리엣 비노쉬)가,
남편 행크(에단 호크), 어린 딸 샤를로트와 함께 오랜만에 파비안느의 집을 찾는다.,
,
반가운 재회도 잠시, 엄마의 회고록을 읽은 뤼미르는,
책 속 내용이 거짓으로 가득 찼음을 알게 되는데…,
“엄마, 이 책에는 진실이라고는 없네요”				","
							“나쁜 엄마, 나쁜 친구여도 좋은 배우인 편이 나아.” 언제나 직업적 정체성이 최우선이었던 엄마 파비안느(카트린 드뇌브)와 자란 딸 뤼미르(줄리엣 비노쉬)는 세월이 흐른 후 엄마를 질책해보지만 파비안느는 조금도 흔들림이 없다. 심지어 파비안느가 출간을 앞두고 있는 회고록에선 그녀가 다정한 엄마로 묘사돼 있어 울화가 치민다. 대배우 파비안느와 이기적인 엄마에게 받은 상...							",고레에다 히로카즈,"까뜨린느 드뇌브,줄리엣 비노쉬,에단 호크,루디빈 사니에,클레망틴 그르니에,마농 끌라벨,알랭 리볼트,크리스티앙 크라히,로제 반 훌",7.00,9.00
"http://image.cine21.com/resize/cine21/poster/2019/0222/11_04_05__5c6f5895681a3[X230,330].jpg",1919 유관순,Yoo Gwan Soon,개봉일 : 2019-03-14,,다큐멘터리,"
					
									,
									100년 전, 소녀들이 대한독립을 위해 세상에 맞서기 시작했다.,
우리가 기억해야 할 그 시절 모든 소녀들의 이름,,
그녀들이 남긴 그날의 가장 생생한 기록!				","
							직업도 나이도 출신 지역도 제각각이지만 나라가 독립해야 한다는 열망만큼은 강했다. 유관순, 어윤희, 권애라, 김향화, 임명애, 심영식 등 서대문 형무소 8호 감방에 갇힌 이들은 1919년 3·1운동을 주도한 혐의로 체포돼 온갖 고초를 당한 여성 독립운동가들이다. 당시 이화학당을 다니던 18살 학생 유관순(이새봄)은 고향인 천안 아우내 장터에서 독립운동을 주도하다 체...							",신상민,"이새봄,김규리,김나니,박자희,양윤희,류의도,김무늬,황도원,나애진,문보람",3.00,10.00
"http://image.cine21.com/resize/cine21/poster/2005/0517/M0010111_[X230,330].jpg",샤롯 그레이,"Charlotte Gray,Charlotte Gray",개봉일 : 2002-12-13,,"드라마, 멜로·로맨스, 전쟁","
					
									 세계 제 2차 세계대전기, 모든 것이 국가라는 이름으로 재편되던 시기이다.,
이 시기 젊은 스코틀랜드 여성 샬롯은 독일 괴뢰 비시정부에 대항하는 게릴라들을 지원하는 특수 임무를 띠고 프랑스 남부 전선에 투입된다. 샬롯은 공식적으로는 레지스탕스들과 함께 독일군에 맞서고 있지만, 사적으로는 조종사로서 전선에 투입되었다가 실종된 연인 피터를 찾고 있다.,
,
샬롯은 도미니크 질베르라는 가명을 쓰며, 거짓과 속임수가 일상적인 일이 된 세상에서 살아간다. 무슨 일이 벌어질지 모르는 전쟁의 시대, 진실과 거짓은 불분명하기 이를데 없지만 샬롯은 자신만의 길을 찾아 걸어간다.  				",,질리언 암스트롱,"케이트 블란쳇,빌리 크루덥,마이클 갬본,제임스 플리트,루퍼트 펜리 존스,로버트 핸즈,톰 굿맨 힐,존 벤필드,론 쿡",7.50,
"http://image.cine21.com/resize/cine21/poster/2020/0210/11_12_45__5e40bc1d7dff7[X230,330].jpg",야차,,,,액션,"
					
									스파이들의 최대 접전지 중국 선양에서 ‘야차’로 불리는 인물과 그곳으로 특별 감찰을 나선 검사가 만나며 벌어지는 첩보 액션영화				",,나현,"설경구,박해수,양동근,이엘,송재림,박진영",,
"http://image.cine21.com/resize/cine21/poster/2016/0922/10_17_17__57e3311dd1a4c[X230,330].jpg",귀담백경,KIDAN PIECE OF DARKNESS,개봉일 : 2016-10-19,,공포,"
					
									,
									아침 10시, 무덤가에서 뛰어 노는 아이들,
오후 3시, 우리 집 문을 두드리는 검은 남자,
밤 9시, 나를 따라오는 정체 모를 ‘존재’들,
새벽 2시, 라디오에서 들려오는 기괴한 이야기...,
,
,				","
							<시귀> <십이국기> 등으로 유명한 장르 소설 작가 오노 후유미가 99개의 괴담을 엮어낸 <귀담백경>을 원작으로 하는 영화다. 영화는 다케우치 유코의 내레이션을 바탕으로, 10개의 짧은 에피소드를 엮어낸다. 차와 동일한 속도로 따라오는 귀신의 섬찟한 비주얼을 보여주는 <추월>로 시작해, 집 안에서 출몰하는 귀신 이야기를 다룬...							",나카무라 요시히로,"후지모토 이즈미,다케우치 유코,타카다 리호",4.00,4.00
"http://image.cine21.com/resize/cine21/poster/2015/0304/15_41_47__54f6a92b63b2d[X230,330].jpg",사랑한다고 말해: 키스하고 싶어질 땐,"好きっていいなよ。,Say “I Love You”",개봉일 : 2015-03-12,,멜로·로맨스,"
					
									학교 최고의 인기남과 모태 솔로 소녀의 사랑,
사랑은 항상 예기치 않게 시작된다!,
,
16년 동안 친구와 애인을 만들지 않고 살아온 타치바나 메이. 어느 날 실수로 학교 최고의 인기남 쿠로사와 야마토에게 발길질을 해 상처를 입힌다. 그런데 이상하게도 야마토는 메이가 마음에 든 듯 일방적으로 친구 선언을 하고, 메이를 도와주기 위해 키스까지 하고 만다. 한편, 상냥하고 멋진 야마토에게 자연스레 마음이 가게 된 메이는 야마토를 만나면서부터 매일 새로운 경험들을 하게 되고 야마토의 순수한 마음에 응하면서 그녀 또한 강해지고, 소중한 사람이 어떤 존재인지 알아가게 된다. 그런 때에 야마토를 좋아하는 인기 잡지 모델인 메구미와 야마토의 옛친구 카이가 등장한다. 처음 만난 친구, 처음 만난 사랑의 라이벌, 기쁨과 슬픔, 상처를 통해 메이는 연인과 친구의 소중함을 알게 되고 야마토를 향한 결심을 굳히게 되는데...,
 				",,휴가 아사코,"카와구치 하루나,후쿠시 소타,이치카와 토모히로,아다치 리카,야마모토 료스케,와타나베 마리나,키쿠치 아키코",8.00,
"http://image.cine21.com/resize/cine21/poster/2013/1202/14_43_34__529c1e0627c31[X230,330].jpg",플래티나 데이터,"プラチナデータ,Platina Data",개봉일 : 2013-12-12,"누적관객 : 2,802명","스릴러, 미스터리, SF","
					
									DNA 수사 시스템!,
검거율 100%, 원죄율 0%!,
 ,
수 년 후, 일본. 완벽한 범인 검거를 위해 DNA 수사 시스템이 도입된다. 이 시스템을 통해 범인 검거율 100%를 자랑한다. 하지만 이런 과학적 수사에 형사 ‘아사마 레이지’는 불만을 갖는다. DNA 수사 시스템으로 범인 검거율 100%를 기록하자 시스템을 개발한 ‘카구라 류헤이’는 DNA 수사 시스템이 완벽하다 믿는다. 그렇게 DNA로 범인을 검거하던 중 100% 검거율을 비웃기라도 하듯 연쇄 살인사건이 일어난다. 호기롭게 DNA 수사 시스템으로 범인의 데이터를 뽑던 ‘카구라 류헤이’. 그런데 데이터는 ‘카구라 류헤이’를 범인으로 지목한다.,
진실을 밝히기 위해 도망가는 천재 과학자 ‘카구라 류헤이’와 그를 잡기 위해 혈안이 된 형사 ‘아사마 레이지’의 쫓고 쫓기는 관계가 된다. DNA 수사 시스템으로 억울하지 않게 정확히 범인을 잡아낼 수 있다고 믿었던 ‘카구라 류헤이’. 그는 자신이 완벽하다고 믿었던 DNA 수사 시스템의 치명적 오류를 밝혀낼 수 있을까? 그렇다면 연쇄살인의 진짜 범인은 누구일까?,
 				",,오오토모 케이시,"니노미야 가즈나리,도요카와 에스시,스즈키 호나미,나마세 카츠히사,안,미즈하라 키코,엔도 카나메,와다 소코,나카무라 이쿠지,하기와라 마사토",4.00,
"http://image.cine21.com/resize/cine21/poster/2010/1209/M0010003__[X230,330].jpg",황해,The Yellow Sea,개봉일 : 2010-12-22,"누적관객 : 2,167,426명","액션, 스릴러","
					
									,
									황해를 건너 온 남자, 모두가 그를 쫓는다!,
연변에서 택시를 운전하며 구질구질한 일상을 살아가는 구남. 한국으로 돈 벌러 간 아내는 6개월째 소식이 없고, 돈을 불리기 위해 마작판에 드나들지만 항상 잃을 뿐이다. 그러던 어느 날, 살인청부업자 면가에게서 한국에 가서 누군가를 죽이고 오라는 제안을 받게 된 구남은 빚을 갚기 위해, 그리고 아내를 만나기 위해 황해를 건너는데…,
,
매서운 바다를 건너 서울로 온 구남은 살인 기회를 노리는 동시에 아내의 행방을 수소문한다. 하지만 목표물은 구남의 눈앞에서 살해 당하고, 구남은 현장에서 도주하지만 살인자 누명을 쓴 채 경찰에 쫓기게 된다. 이에 청부살인을 의뢰했던 태원은 증거 인멸을 위해 구남을 없애려 하고, 연변에 있던 면가 또한 황해를 건너와 구남을 쫓기 시작하는데…,
,
지독한 놈들에게서 벗어나기 위한, 절박한 사투가 시작된다!,
 				","
							2008년 <추격자>의 흥행은 단순하지 않았다. 나홍진 감독이 꾸려놓은 스릴러의 법칙과 캐릭터의 모양새는 곧 올해 한국영화의 경향으로 자리잡았다. 나홍진은 꼬박 1년여 만에 자신이 만든 세계를 <황해>를 통해 확장하려 든다. 시작은 옌벤의 구남(하정우)이다. 아내를 한국에 보내느라 빚을 진 그는 빚 갚기에 급급하다. 옌벤의 구남이 서울로 무대를 ...							",나홍진,"하정우,김윤석,조성하,이철민,곽도원,임예원,탁성은,이엘,정만식,정민성",6.80,7.42
"http://image.cine21.com/resize/cine21/poster/2020/0115/12_05_55__5e1e8193ef1db[X230,330].jpg",해치지않아,Secret Zoo,개봉일 : 2020-01-15,,드라마,"
					
									,
									생계형 수습 변호사 ‘태수’에게 찾아온 일생일대의 기회, 위기의 동물원 ‘동산파크’를 구하라!,
‘동산파크’의 새 원장이 된 그는 손님은커녕 동물조차 없는 동물원을 살리기 위해,
직원들에게 동물로 위장근무 하자는 기상천외한 제안을 한다.,
북극곰, 사자, 기린, 고릴라, 나무늘보로 출근한 ‘동산파크’ 5인방.,
묵언수행은 기본, 어깨 결림, 근육 뭉침, 뒷목까지 뻐근한 그들의 털 날리는 고군분투가,
계속되는 가운데, 목이 타던 ‘태수’는 북극곰의 신분을 망각하고,
관람객 앞에서 콜라 한 모금을 마시게 되는데…,
,
,				","
							변호사지만 수습 신분으로 재벌들의 뒤치다꺼리를 하느라 바람 잘 날 없는 태수(안재홍)는 어느 날 몸을 던지는 활약으로 황 대표(박혁권)의 눈에 들게 된다. 황 대표는 태수에게 기업에서 관리하는 회사 중 망해가는 동산파크의 운영 전권을 위임하면서 신임 동물원장에 앉힌다. 빚더미에 나앉으며 동물까지 내다팔아 텅텅 비어가는 동산파크를 살려보겠다는 태수의 의지는 직원들이 동...							",손재곤,"안재홍,강소라,박영규,김성오,전여빈,박혁권,서현우,장승조,박형수,김수진",6.40,6.71
"http://image.cine21.com/resize/cine21/poster/2019/0128/10_30_28__5c4e5b34e78b5[X230,330].jpg",사바하,"娑婆訶,Savaha: The Sixth Finger",개봉일 : 2019-02-20,,"스릴러, 미스터리","
					
									,
									한 시골 마을에서 쌍둥이 자매가 태어난다. ,
온전치 못한 다리로 태어난 ‘금화’(이재인)와 모두가 오래 살지 못할 것이라고 했던 언니 ‘그것’. ,
하지만 그들은 올해로 16살이 되었다. ,
,
신흥 종교 비리를 찾아내는 종교문제연구소 ‘박목사’(이정재)는  ,
사슴동산이라는 새로운 종교 단체를 조사 중이다. ,
영월 터널에서 여중생이 사체로 발견되는 사건이 발생하고 ,
이를 쫓던 경찰과 우연히 사슴동산에서 마주친 박목사는 이번 건이 심상치 않음을 직감한다. ,
,
하지만 진실이 밝혀지기 전 터널 사건의 용의자는 자살하고, ,
그가 죽기 전 마지막으로 만난 실체를 알 수 없는 정비공 ‘나한’(박정민)과 ,
16년 전 태어난 쌍둥이 동생 금화의 존재까지 ,
사슴동산에 대해 파고들수록 박목사는 점점 더 많은 미스터리와 마주하게 되는데…!,
,
,				","
							운명은 때때로 얄궂다. 1999년 강원도의 한 시골 마을에 쌍둥이 자매가 태어났다. 언니가 동생의 다리를 물어 피범벅이 된 채로. 동생 금화는 태어나자마자 다리가 온전치 않았다. 금화의 다리를 문 언니는 사람들이 오래 살지 못할 거라고 해서 이름조차 부여받지 못한 채 ‘그것’이라 불렸다.금화는 금화대로 자신의 다리를 그 지경으로 만든 언니와 세상을 원망하고, ‘...							",장재현,"이정재,박정민,이재인,유지태,정진영,진선규,이다윗,지승현,다나카 민,차순배",6.80,6.25
,,,,,,,,,,,
"http://image.cine21.com/resize/cine21/poster/2020/0507/16_47_15__5eb3bd03f2337[X230,330].jpg",인간실격,"人間失格 太宰治と３人の女たち,No Longer Human",,,"멜로·로맨스, 드라마","
					
									,
									술, 약물, 자살시도, 바람에도 아내 미치코는 다자이에게 잔소리조차 하지 않는다.,
다자이는 셋째를 임신한 미치코를 두고 다음 소설 집필에 영감을 받는다는 핑계로,
제자 시즈코와 연애를 즐기며 소설 ‘사양’을 출간한다.,
하지만 ‘사양’이 유행하자 다자이는 더 큰 걸작을 써야 한다는 압박에 시달린다.,
설상가상으로 시즈코가 임신을 하자 토미에와 도피하듯 사랑을 나누며 자유롭게 살아간다.,
방탕한 생활로 건강을 잃고 원하는 글을 쓸 수 없는 상황에서,
다자이는 결국 자신의 모든 것을 파괴하고 피를 토하듯 마지막 소설 ‘인간실격’ 집필에 들어가는데…				",,니나가와 미카,"오구리 슌,미야자와 리에,사와지리 에리카,니카이도 후미,나리타 료",,
"http://image.cine21.com/resize/cine21/poster/2008/0201/M0010006_cottage[X230,330].jpg",오두막,"The Cottage,The Cottage",,,"코미디, 공포","
					
									데이비드, 피터 형제는 돈을 뜯어내기 위해 마피아 보스 어니의 딸인 트레이시를 납치한다. 그들은 외딴 시골의 오두막으로 그녀를 데려가는데, 그들은 그곳에서 끔찍한 농촌의 살인마와 만나 일대 격전을 치르게 된다. 				",,폴 앤드류 윌리엄스,"앤디 서키스,리스 시어스미스,제니퍼 엘리슨,스티브 오도넬,덕 브래들리",7.11,
"http://image.cine21.com/resize/cine21/poster/2016/0126/15_39_17__56a7149501734[X230,330].jpg",사계,Les Saisons,,,다큐멘터리,줄거리가 없습니다.,,"자끄 페랭,자크 클루조드",,,
"http://image.cine21.com/resize/cine21/poster/2019/0220/16_15_22__5c6cfe8a32630[X230,330].jpg",파이널 스코어,Final Score,,,액션,"
					
									전직 미 육군 출신의 마이클은 자신의 부하였던 앤디가 자신 때문에 죽었다는 죄책감으로 그의 아내와 딸을 지극정성으로 돌본다. ,
 어느 날, 축구를 좋아하는 앤디의 딸 대니를 위해 함께 축구 경기를 보러 가는 마이클. ,
 하지만, 정체를 알 수 없는 무장 단체에 의해 축구장이 폐쇄됐다는 사실을 알게 된다. ,
 혼란스러운 축구장 안에서 설상가상으로 대니 마저 잃어버리게 된 마이클은 ,
 대니와 35,000명의 관중을 살리기 위해 혼자 힘으로 무장 단체에 맞서기로 하는데…				",,스콧 만,"데이브 바티스타,피어스 브로스넌",,
"http://image.cine21.com/resize/cine21/poster/2016/0810/10_50_10__57aa8852bf882[X230,330].jpg",국가대표2,"Run-Off,Take Off 2",개봉일 : 2016-08-10,,드라마,"
					
									유일무이 정통 아이스하키 선수 출신 에이스 ‘지원’,
자존심은 금메달 급, 현실은 쇼트트랙 강제퇴출 ‘채경’,
사는 게 심심한 아줌마, 빙판에선 열정의 프로 ‘영자’,
시간 외 수당이 목표, 아이스하키 협회 경리 출신 ‘미란’,
취집으로 인생 반전 꿈꾸는 전직 피겨요정 ‘가연’,
주장급 멘탈 보유자, 최연소 국가대표 꿈나무 ‘소현’,
말만 번지르르, 주니어 아이스하키 우정상에 빛나는 국대 출신 감독 ‘대웅’,
,
이들이 뭉친 단 하나의 이유는 아오모리 동계 아시안게임 출전!,
,
,				","
							동계올림픽 유치를 위해 여자 아이스하키팀이 급조된다. 자격 미달의 대웅(오달수)이 여자 아이스하키팀 감독직을 맡게 되고, ‘국대 감독’이란 타이틀에 흥분한 대웅은 팀원 모집에 적극적으로 나선다. 북한의 아이스하키 국가대표 선수였지만 핀란드 이민을 계획하고 있는 지원(수애), 과도한 승부욕이 ‘팀킬’을 불러일으켜 쇼트트랙 국가대표에서 아이스하키팀으로 강제퇴출당한 채경(...							",김종현,"수애,오달수,오연서,하재숙,김슬기,김예원,진지희",5.00,6.83
"http://image.cine21.com/resize/cine21/poster/2018/1010/18_19_45__5bbdc4319580f[X230,330].jpg",철의 심장을 가진 남자,"HHhH,The Man with the Iron Heart",개봉일 : 2018-11-08,,"전쟁, 액션, 스릴러","
					
									,
									2차 세계대전, 나치당의 장교 ‘라인하르트 하이드리히’는 체코 프라하를 점령한 뒤 인류 최악의 범죄인 유대인 대학살을 주도한다. 계속되는 그의 끔찍한 만행을 막고자 체코 레지스탕스인 ‘얀’과 ‘요세프’는 목숨을 건 암살작전을 수립하지만 나치는 그들의 숨통을 조여 오는데…				",,세드릭 지멘즈,"제이슨 클락,로자먼드 파이크,미아 와시코브스카,잭 레이너,잭 오코넬,엔조 실렌티,스티븐 그레이엄,바리 아츠마,제프 벨,노아 주프",7.50,
"http://image.cine21.com/resize/cine21/poster/2013/1204/17_13_23__529ee4239957a[X230,330].jpg",다이노소어 어드벤처3D,Walking With Dinosaurs 3D,개봉일 : 2013-12-19,"누적관객 : 599,963명",상영시간 : 87분,"
					
									홀로 야생에 남겨진 작고 어린 공룡 파치의 위대한 모험!,
,
거대한 몸집과 머리 주변에 멋진 뿔을 자랑하는 파키리노사우루스.,
형제 중 가장 작고 연약하게 태어난 ‘파치’는 호기심 많고 영리하지만 몸집이 작다는 이유로 항상 놀림을 받는다.,
리더인 아빠를 따라 새로운 서식지를 찾아 이동하던 어느 날,,
흉악한 포식자 고르곤(고르고사우루스)이 파키리노사우루스 무리를 공격하고,,
아빠는 가족을 지키기 위해 싸우지만 결국 죽게 된다.,
엄마 역시 산불 속에서 가족을 구하다가 목숨을 잃고 파치는 형 스카울러, 여자친구 주니퍼와 함께 거친 야생에 덩그러니 남겨지게 된다.,
 ,
길 잃은 어린 공룡들을 호시탐탐 노리는 적들이 곳곳에 도사리고 있는 대자연!,
과연 이들은 무사히 살아남아 무리로 돌아갈 수 있을까?,
 ,
예측불허! 위험천만! 흥미진진!,
퓨전 3D로 탄생한 7천만년 전 세계가 펼쳐진다! 				","
							초식공룡 파키리노사우루스 형제 중 가장 작고 연약하게 태어난 파치(배우 이광수)는 이리저리 치이기 일쑤다. 하지만 호기심 많고 총명한 파치는 형제들의 놀림에 기죽지 않고 여기저기 참견하고 다닌다. 새로운 서식지를 찾아 리더인 파치의 아버지를 따라 이동하던 무리는 흉포한 육식공룡 고르고사우루스의 공격을 받는다. 파치의 아버지와 어머니는 가족을 보호하려다 목숨을 잃고 파...							","닐 나이팅게일,배리 쿡","이광수,배한성,소연,저스틴 롱,앵구리 라이스,찰리 로우",6.00,5.67
"http://image.cine21.com/resize/cine21/poster/2017/0626/17_01_33__5950bf5ddd4e5[X230,330].jpg",지렁이,"JAYA,MY LITTLE BABY",개봉일 : 2017-04-20,,드라마,"
					
									,
									뇌성마비 장애를 앓고 있는 ‘원술’(김정균)의 유일한 희망인 딸 ‘자야’(오예설)는 학원 폭력의 집단 따돌림에 시달리다 성폭력의 피해자가 되어 결국 억울한 죽음을 택한다.,
,
‘원술’은 ‘자야’에게 벌어진 잔인한 사건의 전말과 진실을 밝히기 위해 고군분투하는데, 그의 앞에 드러난 사회의 민낯에 좌절하고 만다. 처절한 외침을 부르짖던 ‘원술’은 그들에게 복수의 칼날을 들이대는데…				",,윤학렬,"김정균,오예설,황도원,김샛별",,
"http://image.cine21.com/resize/cine21/poster/2019/1106/12_09_58__5dc23986d64eb[X230,330].jpg",행동하는 양심 김대중,,개봉일 : 2019-11-28,,다큐멘터리,"
					
									5번의 죽을 고비, 55차례의 가택연금,,
6년의 감옥생활, 777일의 국외 망명.,
시대의 불의를 견디며 이 땅의 민주주의와 ,
한반도 평화를 위해 일생을 바친 행동하는 양심 김대중.,
,
하의도의 섬 소년에서 대한민국 15대 대통령을 거쳐 ,
노벨평화상 수상까지, 모두 다 안다고 생각하지만 ,
사실은 모두 잘 모르는 인간 김대중의 ,
찬란했던 시작과 끝을 만난다.				","
							1987년 9월 8일, 김대중은 1971년 이후 16년 만에 광주를 찾았다. 그사이 군사정부로부터 5번의 죽을 고비, 6년의 감옥 생활, 55차례의 가택연금, 777일의 망명 생활 등 온갖 고초를 겪었다. 광주 시민 수십만명이 그를 보기 위해 광주역으로, 수만여명이 그가 가장 먼저 들른 망월묘역으로 몰려들었다. 광주민주화운동 열사들이 잠든 그곳에서 김대중은 자신을 보...							",신상민,"김대중,이금희",5.50,
"http://image.cine21.com/resize/cine21/poster/2005/0629/M0010250_[X230,330].jpg",이웃집 여인,"La Femme d'à côté,The Woman Next Door",개봉일 : 1983-04-01,누적관객 : 231명,"드라마, 멜로·로맨스","
					
									프랑스의 어느 한적한 시골마을에서 가족과 함께 평화롭게 살고 있던 베르나르는 어느날 옆집에 이사온 사람의 부인을 만난다. 우연찮게도 그녀는 자기의 옛 애인 마틸드였다. ,
과거에 두 사람은 사랑을 했었지만 서로의 자존심과 철없던 시절의 무의미한 다툼으로 결혼을 못하고 상처만 남긴 채 헤어졌었다. 필연적으로 자주 만나게 된 이웃의 두 남녀는 예전의 감정이 다시 살아난다.,
,
죄의식으로 인한 심리적 갈등과 불안감에 시달리던 두 남녀는 다시 냉정한 마음으로 친구 사이를 유지하려고 노력한다. 그러나 사랑과 질투에 냉정을 잃은 베르나르는 이를 견디지 못하고 여러사람 앞에서 행패를 부리고 마틸드를 데리고 도망치려고 하지만 결국 다시 냉정을 찾고 현실을 받아들인다. ,
한편, 한 남자에 대한 사랑때문에 목숨까지 던져 버릴려고 했던 오딜 여사를 존경해 온 마틸드는 진정한 사랑과 냉엄한 현실 사이에서 정신적 고통을 이기지 못하고 신경쇠약증에 걸려 병원에 입원하고 마는데...... 				",,프랑수아 트뤼포,"제라르 드빠르디유,화니 아르당,앙리 가르신,미셸 바움가트너,로제 반 훌,베로니크 실베",7.80,
"http://image.cine21.com/resize/cine21/poster/2005/0708/M0010037_01[X230,330].jpg",팔쉬,"Falsch,Falsch",,,"드라마, 전쟁","
					
									 				",,"장 피에르 다르덴,뤽 다르덴","재클린 볼렌,니콜 콜챗,크리스티앙 크라히,브루노 크레메,밀레 다덴",,
"http://image.cine21.com/resize//noimg[X230,330].jpg","줄리엣, 네이키드","Juliet, Naked",,,"드라마, 멜로·로맨스, 코미디",줄거리가 없습니다.,,제시 페르테즈,"에단 호크,로즈 번,크리스 오다우드,메건 도즈",,
"http://image.cine21.com/resize//noimg[X230,330].jpg",하우투 비 어 굿 와이프,"La bonne épouse,How to Be a Good Wife",,,상영시간 : 109분,줄거리가 없습니다.,,마르탱 프로보스트,"줄리엣 비노쉬,에두아르 바에르",,
"http://image.cine21.com/resize/cine21/poster/2005/0630/M0010154_1[X230,330].jpg",영국 여인과 공작,"L`Anglaise et le Duc,The Lady and the Duke",,,드라마,"
					
									이 영화는 프랑스 혁명 시절 프랑스에서 모험적인 삶을 살던 아름다운 영국의 왕족 귀부인 그레이스와 루이 16세의 사촌 신분에도 불구하고 혁명적인 성향을 지닌 오를레앙 공작 필립과의 열정적이고도 폭풍 같은 관계에 대한 이야기이다. 두 사람은 연애를 청산하고 좋은 친구 사이로 지내기로 한다. 혁명이 닥치고, 그레이스는 필립에 대한 믿음과 신의를 지키려다 역사의 소용돌이 휘말리게 된다. 스코트의 귀족 그레이스 엘리엇의 회고록 [프랑스 혁명의 기록]을 영화화한 작품으로 에릭 로메르의 세 번째 역사극이자 연극적 구성과 회화적 이미지로 화제가 되었던 디지털 영화이다.  				",,에릭 로메르,"장 클로드 드레퓌스,루시 러셀,알랭 리볼트,샤로트 베리,레오나르드 코비앙트,프랑소와 마소레,카롤린 모린,헬레나 뒤비엘",7.00,
"http://image.cine21.com/resize/cine21/poster/2019/1121/10_57_29__5dd5ef0967de9[X230,330].JPG",라 파미에,"Lola et ses freres,Lola & Her Brothers",개봉일 : 2019-12-12,,"코미디, 드라마","
					
									,
									결혼만 세번째! 사랑 앞에 답정너 로맨티스트 첫째 브누아, ,
나의 실직은 절대 비밀! 자존심만은 하늘만큼 높은 둘째 피에르,,
이런 오빠들의 철없음을 받아주느라 누구보다 철든 막내 롤라.,
,
롤라가 평생을 함께 하고 싶은 사랑을 만난 기쁨도 잠시,,
그녀 인생 최고의 시련이 찾아오는데...				",,장-폴 루브,"루디빈 사니에,호세 가르시아,장-폴 루브,람지 베디아,필립핀 르로이 뵈리우",6.00,10.00
"http://image.cine21.com/resize/cine21/poster/2020/0323/12_12_49__5e782931e5504[X230,330].jpg",너의 새는 노래할 수 있어,"きみの鳥はうたえる,And Your Bird Can Sing",개봉일 : 2020-04-16,"누적관객 : 2,128명","판타지, 멜로·로맨스","
					
									괜  찮  아  알  수  없  어,
서점에서 일하는 ‘나’와 여자친구 ‘사치코’ 룸메이트 ‘시즈오’,
친구와 연인 사이 세남녀의,
마치 영원히 끝나지 않을 것 같은 청춘 스케치				","
							나(에모토 다스쿠)와 사치코(이시바시 시즈카)의 관계는 어느 여름밤 나를 꼬집는 사치코의 따끔한 손길로 시작된다. 서로 적극적으로 구애하게 된 두 사람은 사치코가 나의 룸메이트 시즈오(소메타니 쇼타)와도 자연스레 어울리게 되면서 삼각관계의 긴장을 갖기 시작한다. 괴로움은 흘려보낸채, 세계를 감각하기 바쁜 청춘의 긴 밤들이 밀도 있는 스케치로 그려지며, 필연적으로 다가...							",미야케 쇼,"에모토 다스쿠,이시바시 시즈카,소메타니 쇼타,아다치 토모미츠,와타나베 마키코,하기와라 마사토",7.00,
"http://image.cine21.com/resize/cine21/poster/2020/0604/11_28_49__5ed85c6176538[X230,330].jpg",결백,,개봉일 : 2020-06-10,"누적관객 : 1,989명",드라마,"
					
									,
									기억을 잃은 채 살인사건의 용의자로 몰린 엄마 '화자'(배종옥)의 결백을 밝히려는 변호사 '정인'(신혜선)이 '추시장'(허준호)과 마을 사람들이 숨기려 한 추악한 진실을 파헤쳐가는 무죄 입증 추적극				",,박상현,"신혜선,배종옥,허준호,홍경,태항호,고창석,박철민,차순배,정인겸,한이진",5.67,
"http://image.cine21.com/resize//noimg[X230,330].jpg",변사,"カツベン,Talking the Pictures",,,드라마,줄거리가 없습니다.,,수오 마사유키,"나리타 료,쿠로시마 유이나",,
"http://image.cine21.com/resize/cine21/poster/2017/1220/10_17_47__5a39ba3b05ce2[X230,330].jpg",데스티니: 가마쿠라 이야기,"DESTINY 鎌倉ものがたり,Destiny: Kamakura Story",,,"드라마, 코미디, 판타지",줄거리가 없습니다.,,야마자키 다카시,"사카이 마사토,타카하타 미츠키,쓰쓰미 신이치,안도 사쿠라,다나카 민,나카무라 타마오,이치카와 미카코,무로 츠요시",,
"http://image.cine21.com/resize/cine21/poster/2018/1017/11_19_05__5bc69c19d1e6b[X230,330].jpg",군산: 거위를 노래하다,Ode to the Goose,개봉일 : 2018-11-08,,드라마,"
					
									전직 시인 ‘윤영’은 한때 좋아했던 선배의 아내 ‘송현’이 돌싱이 되어 기쁘다. ,
술김에 둘은 군산으로 떠나고 일본풍 민박집에 묵는다. ,
‘송현’이 과묵한 민박집 사장 남자에게 관심을 보이자, ‘윤영’은 자신을 맴도는 민박집 딸이 궁금해진다. ,
군산에서의 둘의 마음과 시간은 서울과 달리 자꾸 어긋나기만 하는데…,
 ,
시작하지 않는 남자와 시작해야 하는 여자,
애매모호한 두 남녀의 군산이몽이 詩作된다				","
							“미친 것 같아. 갑자기 오자고 한 사람도 그렇고, 따라온 나도 그렇고.” 송현(문소리)은 윤영(박해일)을 따라 군산에 간다. 그녀는 윤영의 선배의 아내다. 송현을 좋아했던 윤영은 송현이 이혼했다는 사실을 알고 함께 여행을 가자고 제안한 것이다. 둘은 군산에서 며칠 머물기로 하고 민박집을 찾는다. 사람을 가려서 받기로 알려진 민박집은 중년 남자(정진영)가 자폐 증세가...							",장률,"박해일,문소리,정진영,박소담",7.00,7.67
"http://image.cine21.com/resize/cine21/poster/2017/0922/49362_59c46d20be88b[X230,330].jpg",남한산성,"南漢山城,The Fortress",개봉일 : 2017-10-03,,"시대극, 드라마","
					
									1636년 인조 14년 병자호란.,
청의 대군이 공격해오자 임금과 조정은 적을 피해 남한산성으로 숨어든다.,
추위와 굶주림, 절대적인 군사적 열세 속 청군에 완전히 포위된 상황,,
대신들의 의견 또한 첨예하게 맞선다.,
 ,
순간의 치욕을 견디고 나라와 백성을 지켜야 한다는 이조판서 ‘최명길’(이병헌)과,
청의 치욕스런 공격에 끝까지 맞서 싸워 대의를 지켜야 한다는 예조판서 ‘김상헌’(김윤석).,
그 사이에서 ‘인조’(박해일)의 번민은 깊어지고, 청의 무리한 요구와 압박은 더욱 거세지는데...,
 ,
나아갈 곳도 물러설 곳도 없는 고립무원의 남한산성,
나라의 운명이 그곳에 갇혔다!				","
							1639년 병자년 호란이 일어난다. 청의 대군에 막혀 미처 강화도로 파천하지 못한 조정은 급히 남한산성으로 들어가 항전을 시작한다. 이조판서 최명길(이병헌)은 청나라와의 화친을 도모해 살 길을 열고자 한다. 뒤늦게 남한산성으로 들어온 예조판서 김상헌(김윤석)은 오랑캐에게 무릎을 꿇을 수 없다며 결사항전을 주장한다. 인조(박해일)가 사분오열된 대신들 사이를 부평초처럼 ...							",황동혁,"이병헌,김윤석,박해일,고수,박희순,조우진,송영창,이다윗,허성태,김법래",7.40,7.60
"http://image.cine21.com/resize/cine21/poster/2019/0724/52729_5d37b6c9d28a6[X230,330].jpg",엑시트,Exit,개봉일 : 2019-07-31,,"코미디, 액션","
					
									,
									대학교 산악 동아리 에이스 출신이지만,
졸업 후 몇 년째 취업 실패로 눈칫밥만 먹는 용남은,
온 가족이 참석한 어머니의 칠순 잔치에서,
연회장 직원으로 취업한 동아리 후배 의주를 만난다,
어색한 재회도 잠시, 칠순 잔치가 무르익던 중,
의문의 연기가 빌딩에서 피어 오르며,
피할 새도 없이 순식간에 도심 전체는 유독가스로 뒤덮여 일대혼란에 휩싸이게 된다.,
용남과 의주는 산악 동아리 시절 쌓아 뒀던 모든 체력과 스킬을 동원해,
탈출을 향한 기지를 발휘하기 시작하는데…				","
							졸업 후 몇년이 지나도록 취업을 하지 못한 백수 용남(조정석)의 하루 일과는 낮에는 철봉 운동, 저녁에는 설거지를 하는 것이다. 결혼도 취직도 하지 못한 청년 백수의 처지가 더욱 눈치 보이는 어머니 칠순 잔칫날, 용남은 대학교 산악 동아리 시절 짝사랑했던 의주(윤아)를 우연히 다시 만난다. 손님과 컨벤션홀 부점장의 관계로 재회한 어색함도 잠시, 도시를 뒤덮은 의문의 ...							",이상근,"조정석,임윤아,고두심,박인환,김지영,강기영,김종구,김병순,황효은,이봉련",7.17,8.20
"http://image.cine21.com/resize/cine21/poster/2019/0918/16_10_43__5d81d8739edb0[X230,330].jpg",퍼펙트맨,Man of Men,개봉일 : 2019-10-02,,"코미디, 드라마","
					
									,
									퍼펙트한 인생을 위해 한탕을 꿈꾸는 건달 ‘영기’(조진웅),
조직 보스의 돈 7억을 빼돌려 주식에 투자하지만, 사기꾼에게 속아 주식은 휴지조각이 되고 만다.,
목숨을 부지하기 위해 어떻게든 7억을 구해야 하는 영기 앞에,
까칠한 로펌 대표 ‘장수’(설경구)가 나타난다.,
,
두 달 시한부 ‘장수’는 자신이 해야 할 일들을 도와주는 조건으로,
영기에게 자신의 사망보험금을 내건 빅딜을 제안하는데…,
,
,				","
							영기(조진웅)는 가진 게 건강한 몸이 전부인 부산 건달이다. 허세 가득하고 철없는 모습이 시원시원하면서도 아슬아슬하다. 그는 인생 한방을 노리고 조직 보스(허준호)의 돈 7억원을 빼돌려 70억원으로 만들기 위해 주식에 투자한다. 하지만 주식 작전 일당들에게 사기를 당해 하루아침에 모두 잃는다. 그는 설상가상으로 사고를 치고 입건돼 사회봉사명령을 받는다. 그가 사회봉사...							",용수,"설경구,조진웅,허준호,진선규,지승현,김사랑",5.00,7.33
"http://image.cine21.com/resize/cine21/poster/2020/0212/16_42_16__5e43ac5844ca0[X230,330].jpg",지푸라기라도 잡고 싶은 짐승들,Beasts Clawing at Straws,개봉일 : 2020-02-19,,"스릴러, 범죄","
					
									,
,
사라진 애인 때문에 사채 빚에 시달리며 한 탕을 꿈꾸는 태영.,
아르바이트로 가족의 생계를 이어가는 가장 중만.,
과거를 지우고 새 인생을 살기 위해 남의 것을 탐하는 연희.,
,
벼랑 끝에 몰린 그들 앞에 거액의 돈 가방이 나타나고,,
마지막 기회라 믿으며 돈 가방을 쫓는 그들에게 예기치 못한 사건들이 발생한다.,
,
,
,
고리대금업자 박사장, 빚 때문에 가정이 무너진 미란, 불법체류자 진태,,
가족의 생계가 먼저인 영선, 기억을 잃은 순자까지...,
,
절박한 상황 속 서로 속고 속이며 돈 가방을 쫓는 그들은,
인생을 바꿀 수 있는 마지막 한탕을 계획한다.				","
							그들도 관객도 모두 끝까지 긴장을 놓쳐서는 안된다. <지푸라기라도 잡고 싶은 짐승들>은 마지막에 과연 누가 돈을 얻는지, 허황된 욕망 아래 누가 깔려 사라지는지를 끝까지 지켜보게 만드는 범죄스릴러다.사라진 애인의 사채 빚을 떠안게 된 태영(정우성)은 빚 독촉에 시달리는 세관 직원이다. 검은 유혹에 사로잡힌 그는 지금 몰락 직전이다. 아르바이트로 가족의...							",김용훈,"전도연,정우성,배성우,윤여정,정만식,진경,신현빈,정가람,박지환,김준한",6.50,6.33
"http://image.cine21.com/resize/cine21/poster/2015/1113/14_21_04__56457340d2a93[X230,330].jpg",위선자들,,개봉일 : 2015-11-26,,드라마,"
					
									여대생, 대한민국을 고발하다!,
,
대한민국의 평범한 여대생이 전국민 앞에 섰다. 대기업 취업을 조건으로 성상납을 강요 받은 그녀는 모든 책임과 원인은 국가에 있다고 판단, 대한민국을 상대로 이에 대한 소송을 제기한다. 전대미문의 국가 상대 소송은 순식간에 나라 전체를 발칵 뒤집고 급기야 공중파 TV 프로그램 [블랙토론]에서는 이를 주제로 생방송을 진행하게 된다. 변호사, 작가, 여배우, 문화 평론가 패널들의 적극적인 책임 공방이 펼쳐지기 시작하며 생방송 토론의 열기는 더욱 뜨거워 진다. 하지만 시간이 흐를수록 사회 지도층들의 이중성과 사회의 부조리에 패널과 사회자의 감정은 점차 격양되고 결국 토론장에는 삿대질과 폭언도 모자라 서로를 겨냥한 폭로가 난무하기 시작하는데…,
,
발칙한 소송인가? 정당한 권리인가?,
,
11월 26일, 대한민국 상위 10%의 민낯 끝장 토론이 시작된다!,
 				","
							유명 패션디자이너이자 대학교수인 박원상(홍서준)이 성상납 스캔들에 휘말린다. 피해 여성인 소연(송은진)은 사건에 대한 소송을 박원상 개인이 아닌 국가를 상대로 청구한다. 이 사건은 즉각 화젯거리로 떠오르며 매스컴의 도마 위에 오른다. 생방송 TV 토론 프로그램인 <블랙토론>에서는 이 문제를 주제로 선정했다. 패널로는 소설가 유인경(신소미), 변호사 박창호(...							",김진홍,"권민중,김정균,장두이,신소미,경준,송은진,주연서",2.00,5.00
"http://image.cine21.com/resize/cine21/poster/2012/1106/08_45_43__50984fa7a52a5[X230,330].jpg",철가방 우수氏,WOOSOOSSI,개봉일 : 2012-11-22,"누적관객 : 92,404명",드라마,"
					
									,
									“어쩌면 한 사람의 인생이 이렇게 아플 수 있나요?”,
,
고아로 자라 가난과 분노로 얼룩진 삶을 살아 온 ‘우수’의 인생은 마치 좁고 어두운 감방과도 같이 헤어날 수 없을 것만 같았다. ,
그러나 모든 것을 놓아버리려고 생각한 그때, 가난한 사람도 누군가와 나눌 수 있음을 알게 해준 ‘아이들’과의 기적과도 같은 만남은 ,
그의 삶을 송두리째 바꾸어 놓는다 ‘우수’는 중국집에서 철가방을 들고 뛰어다니면서 번 70만원의 월급을 아이들을 위해 아낌없이 나누었다. ,
태어나서 누군가에게 처음으로 들어 본 ‘감사하다’는 인사는 평생 외로웠던 ‘우수’에게 세상 누구보다 행복한 나날을 선물했고, ,
서로가 서로에게 전하는 뜨거운 감사는 이제 삶의 원동력이자 살아야 하는 이유가 되었다.,
그러던 어느날 ‘우수’가 교통사고를 당하게 되는데..,
우리가 미처 몰랐던 철가방 기부천사 ‘우수’의 뜨거운 인생 이야기가 이제 시작된다,
 				","
							70만원 남짓한 월급을 쪼개 5명의 청소년을 후원하고 남은 돈으로 생명보험을 들었는데, 그 보험의 수혜자 역시 불우 청소년 후원 재단. 고아로 태어나 중국집 배달원으로 가난하게 살았지만 언제나 자신보다 형편이 더 어려운 이웃에 사랑을 베푼 천사 같은 남자. 이우수씨의 이야기다. 물론 그가 처음부터 이웃에 관심을 가졌던 건 아니라고 한다. 실수로 어떤 사건에 휘말려 수감...							",윤학렬,"최수종,이수나,기주봉,이미지,장혜숙,김정균,김광식,오지헌,이한솔,김수미",4.50,6.00
"http://image.cine21.com/resize/cine21/poster/2018/0911/18_25_09__5b9789f54acc8[X230,330].jpg",에브리데이,Every Day,개봉일 : 2018-10-11,,멜로·로맨스,"
					
									A는 매일 아침 다른 사람 몸에서 깨어난다. ,
,
나이는 항상 똑같다.,
같은 사람이 두 번 되진 않는다.,
어떤 모습이든, 늘 똑같은 A다!,
,
그리고 매일, 나와 사랑에 빠진다!,
“매일 모습이 바뀌는 남친과 리아넌의 24시간 리셋 로맨스 시작!”				","
							아무런 정보 없이 <에브리데이>를 관람하더라도 곧 다른 영화 한편이 떠오를 것이다. <뷰티 인사이드>(2015). ‘매일 얼굴이 바뀌는 연인이 생겼다’가 두 영화의 공통점이다. 성별을 가리지 않고 주인공 앞엔 각양각색의 연인이 찾아온다. 근본적인 차이라면 <에브리데이>의 연인 ‘A’는 매일 다른 모습으로 변하는 사람이 아니라, 매일같이...							",마이클 수지,"앵구리 라이스,저스티스 스미스,콜린 포드,루카스 제이드 주만,오웬 티그,제이콥 배덜런,마리아 벨로",4.00,
"http://image.cine21.com/resize/cine21/poster/2018/0424/15_09_58__5adeca36b0afc[X230,330].jpg",다이노헌터: 티렉스VS파키리노 대격돌,,,,애니메이션,"
					
									,
									7천만 년 전 매서운 백악기 시대, 티라노사우루스, 나누크사우르스, 마중가사우르스 등 다양한 티렉스 육식공룡들 사이에 먹고 먹히는 ‘리얼 헌팅’이 시작된다. ,
잔혹한 백악기 시대 육식공룡들의 지배 속에서 태어난 파키리노사우르스 ‘파키’는 추운 겨울을 피해 가족들과 남쪽으로 대이동을 시작하지만 갑작스레 숲 속에 불이 나고, 어린 ‘파키’는 ‘티렉스’의 공격으로 엄마를 잃고 만다. ,
결국 ‘파키’는 저돌적인 형을 도와 무리의 리더로 성장하며,
땅 위의 절대 강자인 ‘티렉스’의 습격에 맞서 싸우기 시작하는데....,
				",,"닐 나이팅게일,베리 쿡,앤드류 코헨",,,
"http://image.cine21.com/resize/cine21/poster/2016/0412/14_43_00__570c8ae465aaf[X230,330].jpg",다이노소어 어드벤처: 백악기 공룡대백과,Walking with dinosaurs : prehistoric planet,개봉일 : 2016-05-04,"누적관객 : 110,717명",상영시간 : 90분,"
					
									,
,
7천만 년 전, 따뜻한 알래스카에 살던 파키네 가족!,
추운 겨울을 피해 수많은 공룡 무리들과,
따뜻한 남쪽으로 대이동을 시작한다.,
이제껏 볼 수 없었던 거대한 공룡들의 습격!,
땅 위의 영원한 절대 강자 나누크부터 ,
바다 속 지배자 프레데터-X, 하늘의 제왕 하체곱테릭스까지!,
여행 중 맞닥뜨린 위험천만한 상황 속에서,
과연, 파키 식구들의 운명은 어떻게 될까?,
,
모두 준비되었는가!,
우리가 알지 못했던 백악기 공룡들의 모든 것이 펼쳐진다!				","
							<다이노소어 어드벤처: 백악기 공룡대백과>는 2013년 개봉된 <다이노소어 어드벤처 3D>의 개정 확대판이다. 파키리노사우루스가 중심이고, 캐릭터와 영상은 그대로인데 캐릭터를 둘러싼 상황이 달라졌다. 전작에서 위험에 처한 주인공을 구하려다 아버지가 사망하고 형이 리더가 되는 설정이, 주인공 파키 때문에 친구 스캇의 아버지가 육식공룡과 결투에 휘말...							","닐 나이팅게일,배리 쿡,앤드류 코헨",,5.00,
"http://image.cine21.com/resize/cine21/poster/2017/0830/09_55_10__59a60cee51787[X230,330].jpg",이웃집 스타,Star Nextdoor,개봉일 : 2017-09-21,,코미디,"
					
									,
									나야 나! 톱스타 한스타 한혜미 ,
손가락만 까딱~해도 이슈가 되는 스캔들메이커 한혜미 ,
떠오르는 아이돌 스타 갓지훈과 또 다시 핑크빛 열애설로 화제의 중심에 오르다! ,
  ,
가만 안 둬! 내가 바로 한스타 악플러 한소은 ,
톱스타이자 엄마 한혜미와 한 집인 듯 한 집 아닌 이웃살이를 하고 있는 여중생,
감히 우리 오빠 갓지훈과 열애설이 난 철없는 엄마 전담 악플러로 변신하다! ,
  ,
들키면 큰일 날 비밀 동거 사이! ,
열애설로 한스타와 소은의 신경전이 계속되는 가운데, ,
사람들의 관심은 점점 밝혀져서는 안될 두 사람의 비밀 이웃살이에 대한 의심으로 변하게 된다. ,
,
두 지붕, 한 가족, 모녀 사이인 한스타와 소은은 함께 이 위기를 헤쳐나갈 수 있을까?,
				","
							드라마에서 흔히 보던 ‘출생의 비밀’을 생활형 이야기로 전환한다면. <이웃집 스타>는 톱스타의 자리에 오른 여배우 혜미(한채영)와 그녀의 이웃집에 사는 친딸 소은(진지희)의 기막힌 사연을 코믹 드라마로 풀어낸다. 남이 보자면 대한민국을 떠들썩하게 할 연예 스캔들이지만 비밀을 간직한 이 가족의 속내를 들여다보면 티격태격, 여느 집과 다를 바가 없다. 혜미는 ...							",김성욱,"한채영,진지희,임슬옹,안지환,임형준,솔비,김보미",3.00,4.00
"http://image.cine21.com/resize/cine21/poster/2019/0712/11_58_32__5d27f7583b8ab[X230,330].jpg",원더랜드,Wonder Park,개봉일 : 2019-08-14,,"코미디, 어드벤처, 애니메이션, 가족","
					
									,
									어릴 적부터 엄마와 함께 자신만의 테마파크를 만드는 것이 취미인 장난기 많고 상상력 풍부한 소녀 ‘준’은 어느 날 숲속에서 길을 잃고 헤매다 상상 속에서만 그리던 ‘원더랜드’를 발견하게 되는데...!				","
							한 소녀의 상상력이 현실이 되는 이야기를 다룬 애니메이션. 엉뚱한 공상하기, 과학상자 만들기, 간이 테마파크 만들기 등을 즐겨 하는 과학 소녀 준 베일리(소연)는 동네 아이들의 리더로 소란스러운 사고뭉치다. 준이 어릴 때부터 엄마와 함께 놀이하듯 상상해왔던 원더랜드라는 놀이동산은 가상의 공간이지만 엄마와 함께 만들어간 둘만의 공간이기도 하다. 하지만 엄마가 아프기 시...							",딜런 브라운,"소연,장민혁,안장혁,안소이,변영희,홍진욱,정재현,최덕희,오인성,브리아나 덴스키",6.00,
"http://image.cine21.com/resize/cine21/poster/2016/0105/10_08_49__568b17a16bc87[X230,330].jpg",앨빈과 슈퍼밴드: 악동 어드벤처,Alvin and the Chipmunks: the Road Chip,개봉일 : 2016-02-04,"누적관객 : 289,665명","코미디, 애니메이션","
					
									,
,
가수 활동을 접고 휴식을 보내던 사고뭉치 악동 3인방 앨빈, 사이먼, 테오도르는 때마침 아빠의 청혼 계획을 알게 된다. ,
여자친구와 함께 여행을 떠난 아빠를 쫓아 마이애미로 향한 앨빈과 슈퍼밴드! ,
비행기에서 대소동으로 탑승 금지령은 물론 항공사 보안요원 석스의 추격까지 쉴 새 없이 터지는 사건사고들로 마이애미는 점점 더 멀어져만 가는데……,
과연 칩멍크 3인방은 아빠의 청혼을 막을 수 있을까?,
 				","
							앨빈, 사이먼, 테오도르. 말썽쟁이 칩멍크 삼형제는 주인 데이브(제이슨 리) 없이 데이브의 생일파티를 열었다가 음악 활동을 금지당한다. 얼마 뒤 무료한 시간을 보내는 형제들 앞으로 십대 소년 마일스(조시 그린)가 나타난다. 악동 기질이 다분한 마일스는 앨빈(저스틴 롱)을 골프공 삼아 샷을 날리고 테오도르(제시 매카트니)를 관람차에 태워 돌리는 등 삼형제를 무자비하게 ...							",월트 벡커,"제이슨 리,저스틴 롱,매튜 그레이 구블러,제시 맥카트니,킴벌리 윌리엄스-페이슬리,벨라 쏜,칼리 쿠오코,안나 패리스,크리스티나 애플게이트,토니 헤일",3.00,8.50
"http://image.cine21.com/resize/cine21/poster/2020/0129/11_32_51__5e30eed317c76[X230,330].jpg",누군가 어디에서 나를 기다리면 좋겠다 ,Je voudrais que quelqu'un m'attende quelque part,,,"멜로·로맨스, 드라마",줄거리가 없습니다.,,아르노 비아르,"장-폴 루브,알리스 타길로니,벤자민 라베른헤",,
"http://image.cine21.com/resize/cine21/poster/2005/0708/M0010051_01[X230,330].jpg",남자와 아기바구니 18년후,"18 ans après,18 Years After",,,코미디,"
					
									18년 동안 세 명의 양아버지 밑에서 자란 마리는 어느덧 대학 입시에 합격하고 첫사랑의 아픔을 겪을 만큼 훌쩍 성장한 아가씨가 되었다. 18년 동안 변함없이 ‘공동의 아기’에게 사랑을 쏟은 세 아버지는 성숙해가는 딸의 모습을 지켜보며 세월의 흐름을 실감한다. 				",,콜린 세로,"앙드레 뒤솔리에,미셸 부제나,롤랑 지로,마들렌 베송,필립핀 르로이 뵈리우,제임스 티에레",6.33,
"http://image.cine21.com/resize/cine21/poster/2015/0318/13_23_44__5508fdd079217[X230,330].jpg",바람에 맞선 라이온,"風に立つライオン,Lion Standing Against The Wind",,,드라마,"
					
									 				",,미이케 다카시,"오사와 다카오,이시하라 사토미,마키 요코,하기와라 마사토",,
"http://image.cine21.com/resize/cine21/poster/2019/0611/15_36_11__5cff4bdbcd110[X230,330].jpg",패러렐 월드 러브 스토리,"パラレルワールド・ラブストーリー,Parallel World Love Story",,,"멜로·로맨스, 미스터리",줄거리가 없습니다.,,모리 요시타카,"타마모리 유타,요시오카 리호,소메타니 쇼타",,
"http://image.cine21.com/resize/cine21/poster/2019/0409/17_07_09__5cac52ad93c70[X230,330].jpg",노 필터,"Chamboultout,No Filter",,,상영시간 : 100분,줄거리가 없습니다.,,에릭 라바이네,"알렉상드라 라미,호세 가르시아,미카엘 윤",,
"http://image.cine21.com/resize/cine21/poster/2014/0917/11_54_15__5418f7d74d37e[X230,330].jpg","소년, 소녀 그리고 바다","二つ目の窓,Still the water",개봉일 : 2014-10-09,"누적관객 : 7,004명","멜로·로맨스, 드라마","
					
									바다를 품은 소년과 소녀의 눈부신 첫 경험.,
 ,
8월 대보름 축제가 한창인 아마미 섬. 보름달이 뜬 밤바다에 시체 한 구가 떠오른다. 사건일까? 사고일까? 떠들썩해진 섬 사람들 사이에서 뭔가를 감추고 있는 듯한 ‘카이토’가 의심스러운 ‘쿄코’. 한편, 죽음을 앞둔 엄마와의 이별을 준비중인 ‘쿄코’는 유일한 친구인 ‘카이토’에게 의지하려 하지만, 그날 이후 어쩐지 냉랭해진 그가 원망스럽기만 하다. 그러던 어느 날 밤, 거센 태풍이 섬 전체를 덮치고 두 사람은 지금껏 경험하지 못했던 눈부신 순간을 맞이하게 되는데... ,
 				","
							한적한 섬마을에 살고 있는 소년 카이토(무라카미 니지로)와 소녀 쿄코(요시나가 준)는 각자의 상처를 안고 살아간다. 부모의 이혼을 겪으며 엄마와 섬에 들어와 살게 된 카이토는 더이상 아빠를 그리워하지 않는 엄마가 원망스럽다. 카이토를 사랑하는 쿄코는 신을 모시는 엄마가 큰 병에 걸려 죽어간다는 사실을 받아들이지 못한다. 그러던 어느 날, 해변에서 시체 한구가 발견되면...							",가와세 나오미,"무라카미 니지로,요시나가 준,스기모토 테타,마츠다 미유키,와타나베 마키코,무라카미 준",6.00,7.50
"http://image.cine21.com/resize/cine21/poster/2020/0326/14_57_07__5e7c4433a5c94[X230,330].jpg",고양이와 할아버지,"ねことじいちゃん,The Island of Cats",개봉일 : 2020-04-23,"누적관객 : 2,577명",드라마,"
					
									,
									할머니, 할아버지, 그리고 고양이의 섬에서,
6살 고양이 타마와 단둘이 사는 다이키치 할아버지(타테카와 시노스케).,
어느 날, 죽은 아내가 남긴 미완성 레시피 노트를 발견한다.,
,
이웃들과 함께 이 섬의 하나뿐인 카페 주인 ‘미치코’(시바사키 코우)에게,
새로운 음식을 배우며 자신만의 레시피로 비어있는 페이지를 채워나가는데…,
,
한 사람과 한 마리가 선택한 행복,,
언제까지나 함께할 수 있을까?				","
							고양이와 할머니, 할아버지들이 서로 의지하며 살아가는 한갓진 섬마을. 고양이 타미와 다이키치 할아버지(다테카와 시노스케)도 둘이서 다정하게 살아간다. 어느 날 다이키치는 먼저 세상을 뜬 아내가 남긴 미완의 레시피 노트를 발견하고, 도시에서 온 카페 주인 미치코(시바사키 고)의 도움을 받아 노트의 뒷장을 채워간다. <고양이와 할아버지>는 고양이와 요리로 몸과...							",이와고 미츠아키,"타테카와 시노스케,시바사키 고우,에모토 다스쿠,긴푼초",5.00,
"http://image.cine21.com/resize/cine21/poster/2019/0108/15_22_43__5c3441b3e3baa[X230,330].jpg",도쿄의 밤하늘은 항상 가장 짙은 블루,"映画 夜空はいつでも最高密度の青色だ,The Tokyo Night Sky Is Always the Densest Shade of Blue",개봉일 : 2019-02-14,,"멜로·로맨스, 드라마","
					
									,
									부족한 생활비를 충당하기 위해 낮에는 간호사, 밤에는 술집에서 일하는 ‘미카’. ,
일용노동직으로 일하며 넉넉하지 않은 삶을 살지만 막연한 희망을 꿈꾸는 ‘신지’.,
이들은 화려함과 고독함이 한 데 섞인 도쿄에서 하루하루를 살아간다.,
서로를 이해하는 진정한 사랑은 없을 것 같던 도쿄의 밤하늘 아래,,
방황하던 두 사람은 서로를 조금씩 알아가며,
삶에 대한 희망을 함께 품기 시작한다.				","
							2020년 도쿄올림픽 경기장 건설 현장에서 일하는 신지(이케마쓰 소스케)는 한쪽 눈이 보이지 않는다. 신지는 일상의 고단함을 잊기 위해 여성 바텐더를 만날 수 있는 술집 ‘걸즈바’를 찾는다. 미카(이시바시 시즈카)는 도쿄의 값비싼 집세와 생활비를 충당하기 위해 낮에는 간호사로 일하고 밤에는 걸즈바로 출근 중이다. 사랑에 냉소적인 미카는 사랑하는 이에게 버려질 것을 두...							",이시이 유야,"이케마츠 소스케,이시바시 시즈카,마츠다 류헤이,이치카와 미카코,사토 료,미우라 타카히로",7.50,
"http://image.cine21.com/resize//noimg[X230,330].jpg",삭제하시겠습니까?,Delete,,,단편 영화,줄거리가 없습니다.,,김용훈,,,
"http://image.cine21.com/resize//noimg[X230,330].jpg",스텔라,Stellar,,,,"
					
									차량담보대출 업계 독보적 에이스 '영배'(손호준)가 절친 동식(이규형)이 빼돌린 고급 슈퍼카를 찾기 위해 아버지의 유산 '스텔라' 를 타면서 벌어지는 쫓고 쫓기는 판타지 코믹 드라마				",,권수경,"손호준,이규형,전노민,허성태,고규필",,
"http://image.cine21.com/resize/cine21/poster/2019/0729/11_58_27__5d3e60d31bc57[X230,330].jpg",변신,"變身,Metamorphosis",개봉일 : 2019-08-21,,"스릴러, 공포","
					
									,
									사람의 모습으로 변신하는 악마가 우리 가족 안에 숨어들면서,
기이하고 섬뜩한 사건들이 벌어진다,
서로 의심하고 증오하고 분노하는 가운데,
구마 사제인 삼촌 '중수'가 예고없이 찾아오는데...,
,
2019년 극강의 공포스릴러, 절대 믿지도 듣지도 마라				","
							“어젯밤에 아빠가 두명이었다.” 딸 현우(조이현)의 믿기지 않는 말처럼, 이 집에는 밤에 방에 들어와 폭력을 행사하는 ‘낯선’ 아빠와 아침에는 언제 그랬냐는 듯 평소의 ‘자상한’ 아빠가 공존한다. 엄마 역시 다르지 않다. 반찬 투정을 하는 아들을 무섭게 윽박지르는 엄마는 더이상 평소에 알던 다정한 엄마가 아니다. 새집에 이사 온 첫날부터 강구(성동일), 명주(장영남)...							",김홍선,"배성우,성동일,장영남,김혜준,조이현,김강훈,전미도",4.33,4.50
"http://image.cine21.com/resize/cine21/poster/2018/1001/50637_5bb1aebb1aee4[X230,330].jpg",창궐,Rampant,개봉일 : 2018-10-25,,액션,"
					
									,
									밤에만 활동하는 산 자도 죽은 자도 아닌 ‘야귀(夜鬼)‘가 창궐한 세상, 위기의 조선으로 돌아온 왕자 ‘이청’(현빈)은 도처에 창궐한 야귀떼에 맞서 싸우는 최고의 무관 ‘박종사관’(조우진) 일행을 만나게 되고, 야귀떼를 소탕하는 그들과 의도치 않게 함께하게 된다.,
,
한편, 조선을 집어삼키려는 절대악 ‘김자준’(장동건)은 이 세상을 뒤엎기 위한  마지막 계획을 감행하는데… ,
,
조선필생 VS 조선필망,
세상을 구하려는 자와 멸망시키려는 자!,
오늘 밤, 세상에 없던 혈투가 시작된다!				","
							때는 무능한 임금 이조(김의성)가 간신배에 둘러싸여 왕권을 잃어가던 조선시대. 청나라에서 수학하던 왕자 이청(현빈)이 세자이자 형인 이영(김태우)의 부름을 받고 조선으로 돌아온다. 그런데 그때 야귀떼가 창궐하면서 백성들의 터전이 쑥대밭이 된다. 세자 이영을 비롯한 그의 수하들이 반역을 꾀했다는 죄를 물어 숙청을 당하면서 조정도 시끄럽기는 마찬가지. 궁의 안팎에서 벌어...							",김성훈,"현빈,장동건,조우진,정만식,이선빈,김의성,조달환,박진우,서지혜,한지은",5.20,6.20
"http://image.cine21.com/resize/cine21/poster/2007/1221/M0010004_poster[X230,330].jpg",라듸오 데이즈,Radio Days,개봉일 : 2008-01-31,"누적관객 : 214,946명",코미디,"
					
									,
									, ,
때는 바야흐로 1930년 일제강점기.,
만사태평 천하제일 귀차니즘, 타고난 한량 PD 로이드가 있었으니..,
인생 다 귀찮아 죽겠는 그에게 오직 관심사는 당대 최고의 신여성이자 재즈가수인 ‘마리’뿐.,
아~ 그러나 이 무슨 운명의 장난인가? ‘마리’는 ‘로이드’를 거들떠보지도 않는구나.,
 ,
, ,
할일 없고 낙 없는 우리의 ‘로이드’.,
그의 운명을 바꿔 놓은 일생일대의 사건이 터졌으니..,
우연히 손에 넣은 시나리오가 그것이었던 것이다.,
조선 최초의 라디오 드라마 ‘사랑의 불꽃’을 방송키로 결심한 ‘로이드’.,
아~ 그러나 첫회부터 미스캐스팅! 실수연발! 애드립남발! 완전 방송사고 직전이구나!,
,
, ,
돌발 애드립 전문, 방송사고 다발 재즈가수 마리,
연기는 대충 액션은 오바, 푼수 기생 명월,
위기대처 능력 제로, 떠듬떠듬 아나운서 만철,
엔딩을 단 한번도 완성시켜 본적 없는 작가 노봉알,
거사를 꿈꾸는 의문의 소리효과 담당 요원 K,
위기일발 애드립의 귀재 천재사환 순덕,
,
아~ 드라마를 제대로 만들 수 있을지 참으로 의심스러운 구성이로다!,
엉겁결에 모인 이들이 과연 일제의 감시를 뚫고 조선 최초의 라디오 드라마를,
완성시킬 수 있을까~? 그것이 문제로다! 				","
							1930년대, 경성. 일제강점기지만 조선 유일의 라디오 방송국 경성방송국 스튜디오엔 나른한 분위기가 감돈다. 아버지의 힘으로 PD 자리를 꿰차고 있는 로이드(류승범)는 가끔씩 들려오는 뉴스나 짜투리 방송에 마이크 전원을 켤 뿐 방송 일에 별다른 흥미를 느끼지 못한다. 아나운서 만섭(오정세)이나 가끔씩 스튜디오에 와 풍월을 읊는 기생 명월(황보라)이 이따금 방송국의 정...							",하기호,"류승범,황보라,김사랑,이종혁,김뢰하,고아성,오정세",4.50,6.21
"http://image.cine21.com/resize/cine21/poster/2018/0713/11_48_16__5b4812f0f05ee[X230,330].jpg",목격자,The Witness,개봉일 : 2018-08-15,,스릴러,"
					
									,
									모두가 잠든 새벽, 비명소리를 듣고 베란다에 나간 ‘상훈’(이성민)은 살인사건을 목격하게 된다. 신고를 하려던 순간, 손가락을 까딱거리며 자신의 아파트 층수를 세는 범인 ‘태호’(곽시양)와 눈이 마주치게 되는데…,
살인을 목격한 순간, 나는 놈의 다음 타겟이 되었다.,
				","
							새벽녘 한 아파트. 살인사건을 목격하고 신고하지 않은 남자 상훈(이성민), 그리고 자신의 범행을 목격한 상훈을 죽이려 나선 범인(곽시양). 이제 막 조그만 아파트 하나 장만한 중년의 샐러리맨 상훈은 이사 오자마자 아파트에서 벌어진 살인의 목격자가 된다. “귀찮은 일에 끼어봤자 좋을 게 없는” 데다, 범인이 신변까지 위협하는 상황에서 제2, 제3의 살인이 일어나고 상훈...							",조규장,"이성민,김상호,진경,곽시양,배정화,신승환,정유민,연제욱,황영희,손종학",5.17,5.20
"http://image.cine21.com/resize/cine21/poster/2020/0214/14_45_58__5e46341621192[X230,330].jpg",찬실이는 복도 많지,Lucky Chan-sil,개봉일 : 2020-03-05,,"판타지, 멜로·로맨스, 드라마","
					
									,
									집도 없고, 남자도 없고, 갑자기 일마저 똑 끊겨버린 영화 프로듀서 ‘찬실’.,
현생은 망했다 싶지만, 친한 배우 ‘소피’네 가사도우미로 취직해 살길을 도모한다.,
그런데 ‘소피’의 불어 선생님 ‘영’이 누나 마음을 설레게 하더니,
장국영이라 우기는 비밀스런 남자까지 등장!,
새로 이사간 집주인 할머니도 정이 넘쳐 흐른다.,
평생 일복만 터져왔는데, 영화를 그만두니 전에 없던 ‘복’도 들어오는 걸까?				","
							영화 프로듀서로 일하던 찬실(강말금)은 함께 작업하던 감독의 갑작스러운 죽음 이후로 실업자 신세가 된다. 친한 후배 소피(윤승아)는 찬실에게 금전적인 도움을 주겠다고 말하지만, 찬실은 “일해서 벌어야 한다”며 그의 가정부로 일하기를 자처한다. 그러던 찬실은 소피의 프랑스어 선생님 김영(배유람)을 만나게 되는데, 그가 현재 시나리오를 쓰는 단편영화 감독이라는 것을 알게...							",김초희,"강말금,윤여정,김영민,윤승아,배유람",7.00,
"http://image.cine21.com/resize/cine21/poster/2016/0810/12_03_44__57aa999005f06[X230,330].jpg",배드 맘스,Bad Moms,,,,줄거리가 없습니다.,,"밀라 쿠니스,크리스틴 벨,캐서린 한,애니 멈몰로,제이다 핀켓 스미스,크리스티나 애플게이트,엠제이 안소니,우나 로렌스",,6.00,
"http://image.cine21.com/resize/cine21/poster/2019/0827/11_49_22__5d649a32965d4[X230,330].jpg",정상회담,Summit: Steel Rain,,,,"
					
									가까운 미래, 남북미 정상회담 중에 북의 쿠데타로 세 정상이 북의 핵잠수함에 납치된 후 벌어지는 전쟁 직전의 위기 상황을 그리는 영화				",,양우석,"정우성,곽도원,유연석",,
"http://image.cine21.com/resize/cine21/poster/2015/0120/11_11_49__54bdb96580412[X230,330].jpg",웨딩 링거,The Wedding Ringer,,,코미디,"
					
									왕따인 더그는 자신의 결혼식에 베스트맨을 돈을 주고 고용을 한다. ,
베스트맨으로 고용된 지미와 더그가 결혼식을 준비하는 과정과 결혼식을 진행하며 일어나게 되는 황당하고 웃긴 이야기 그리고 예상치 못한 더그와 지미의 브로맨스!				",,제레미 갈레릭,"케빈 하트,조시 게드,칼리 쿠오코,알란 리츠슨",6.00,
"http://image.cine21.com/resize/cine21/poster/2019/0611/54019_5cff14af3a15a[X230,330].jpg",토이 스토리 4,Toy Story 4,개봉일 : 2019-06-20,,애니메이션,"
					
									,
									장난감의 운명을 거부하고 떠난 새 친구 ‘포키’를 찾기 위해 길 위에 나선 ‘우디’는 ,
우연히 오랜 친구 ‘보핍’을 만나고 그녀를 통해 새로운 세상에 눈을 뜨게 된다. ,
한편, ‘버즈’와 친구들은 사라진 ‘우디’와 ‘포키’를 찾아 세상 밖 위험천만한 모험을 떠나게 되는데…				","
							전작에서 앤디와 작별한 장난감 우디(톰 행크스)는 새로운 주인 보니와의 생활에 적응 중이다. 보니는 처음 간 유치원에서 불안한 마음을 달래고자 포크를 가지고 새 장난감 포키(토니 헤일)를 만든다. 쓰레기에서 장난감으로 거듭난 포키는 자꾸 쓰레기통으로 도망치려 하지만 우디는 보니를 위해 포키를 돌봐주기로 한다. 그러던 어느 날 가족여행으로 함께 떠난 놀이공원에서 포키가...							",조시 쿨리,"톰 행크스,팀 알렌,애니 파츠,토니 헤일,조안 쿠삭,키아누 리브스,마이클 키튼,보니 헌트,키건 마이클 키,조던 필",7.83,8.67
"http://image.cine21.com/resize/cine21/poster/2018/0921/15_26_21__5ba48f0d9d7cf[X230,330].jpg",캠퍼스 코드,Campus Code,,,"SF, 액션","
					
									평범한 학교생활을 하는 줄 알았던 베카. 아리가 건물 옥상에서 떨어지는 걸 목격한다. ,
 깜짝 놀라 사람들에게 도움을 요청하지만 모두 아무런 반응을 하지 않고, ,
 옥상에서 떨어졌는데도 멀쩡한 아리를 보고 이상하다는 생각을 한다. ,
 사람들도 이상하고, 교내에서 벌어지는 사건이 전부 말이 안 되는 것들이라 힘들어하는 베카. ,
 자신도 아리와 같은 능력을 가졌다는 걸 알게 되자 더욱 혼란스러워 하는데…				",,캐시 스콜세지,제시 맥카트니,,
"http://image.cine21.com/resize/cine21/poster/2018/0509/15_26_49__5af294a913972[X230,330].jpg",오버보드,Overboard,,,"코미디, 멜로·로맨스",줄거리가 없습니다.,,"밥 피셔,롭 그린버그","유제니오 데베즈,안나 패리스,에바 롱고리아,스우지 커츠,존 한나",,
"http://image.cine21.com/resize/cine21/poster/2006/0811/M0010021_tentinylovestories[X230,330].jpg",열 개의 작은 사랑 이야기,"Ten Tiny Love Stories,Ten Tiny Love Stories",,,드라마,"
					
									 				",,로드리고 가르시아,"리사 게이 해밀턴,라다 미첼,레베카 티넬리,킴벌리 윌리엄스-페이슬리,데비 마자르,데보라 카라 웅거,알리시아 위트,캐시 베이커,엘리자베스 페나",,
"http://image.cine21.com/resize/cine21/poster/2020/0601/12_07_40__5ed470fc10958[X230,330].jpg",엔딩스 비기닝스,"Endings, Beginnings",개봉일 : 2020-06,,드라마,"
					
									연.애.종.식.선.언!,
운명이라 믿었던 남자와의 오랜 연애를 끝낸 ‘다프네’는,
이별 후폭풍으로 No 연애, No 알콜과 함께 금욕 생활을 선언한다.,
,
다정한 남자 VS 섹시한 남자,
어느 날 그녀 앞에 나타난 두 남자 ‘잭’과 ‘프랭크’.,
‘다프네’는 따뜻하게 다가와 안정감을 주는 ‘잭’에게 끌리면서도,
섹시한 눈빛으로 자신을 바라보는 ‘프랭크’에게 흔들려버린다.,
,
“사랑을 다시 시작하긴 두렵지만 외로운 건 싫어…”,
사랑이 실패할까 두려운 ‘다프네’와 그녀에게 직진하는 두 남자.,
‘다프네’는 두 사람을 알아가보기로 결심하는데…,
,
6월, 사랑이 두려운 당신을 위한,
두 가지 색 리얼 현실 로맨스가 시작된다!				",,드레이크 도리머스,"쉐일린 우들리,제이미 도넌,세바스찬 스탠,매튜 그레이 구블러,린제이 슬오안",,
"http://image.cine21.com/resize/cine21/poster/2017/0221/15_18_55__58abdbcf3ca4b[X230,330].jpg",터스크,Tusk,,,공포,"
					
									팟캐스터인 월레스는 전 세계를 탐험한 ,
베테랑 하워드를 인터뷰하러 캐나다로 떠난다. ,
전혀 들어 본 적 없는 놀라운 이야기를 풀어내는 ,
하워드의 이야기에 월레스는 감탄한다. ,
월레스는 술을 몇 잔 마신 후 다음 날 ,
하워드의 집에서 깨어나지만 ,
몸이 잘 움직여지지 않는 것을 깨닫는다.				",,케빈 스미스,"조니 뎁,저스틴 롱,마이클 팍스,할리 조엘 오스먼트,제네시스 로드리게즈",,
